Rk,Player,id_player,Pos,Age,Tm,G,GS,MP,FG,FGA,FG%,3P,3PA,3P%,2P,2PA,2P%,eFG%,FT,FTA,FT%,ORB,DRB,TRB,AST,STL,BLK,TOV,PF,PTS
1,Alex Abrines,abrinal01,SG,25,OKC,31,2,588,56,157,.357,41,127,.323,15,30,.500,.487,12,13,.923,5,43,48,20,17,6,14,53,165
2,Quincy Acy,acyqu01,PF,28,PHO,10,0,123,4,18,.222,2,15,.133,2,3,.667,.278,7,10,.700,3,22,25,8,1,4,4,24,17
3,Jaylen Adams,adamsja01,PG,22,ATL,21,0,221,22,59,.373,18,45,.400,4,14,.286,.525,2,2,1.000,7,23,30,35,6,2,15,20,64
4,Steven Adams,adamsst01,C,25,OKC,66,66,2231,407,675,.603,0,1,.000,407,674,.604,.603,135,257,.525,315,321,636,104,104,54,115,170,949
5,Bam Adebayo,adebaba01,C,21,MIA,67,14,1493,207,358,.578,1,10,.100,206,348,.592,.580,143,193,.741,133,313,446,141,51,52,94,172,558
6,Deng Adel,adelde01,SF,21,CLE,14,3,177,9,32,.281,5,20,.250,4,12,.333,.359,2,2,1.000,2,14,16,4,1,4,5,12,25
7,DeVaughn Akoon-Purcell,akoonde01,SG,25,DEN,7,0,22,3,10,.300,0,4,.000,3,6,.500,.300,1,2,.500,1,3,4,6,2,0,2,4,7
8,LaMarcus Aldridge,aldrila01,C,33,SAS,67,67,2208,563,1094,.515,8,31,.258,555,1063,.522,.518,296,348,.851,203,395,598,164,36,84,126,149,1430
9,Rawle Alkins,alkinra01,SG,21,CHI,3,0,6,1,4,.250,1,1,1.000,0,3,.000,.375,0,0,,3,0,3,2,1,0,0,1,3
10,Grayson Allen,allengr01,SG,23,UTA,31,1,292,36,114,.316,21,73,.288,15,41,.366,.408,27,38,.711,1,10,11,18,4,3,17,32,120
11,Jarrett Allen,allenja01,C,20,BRK,68,68,1816,294,497,.592,6,42,.143,288,455,.633,.598,167,236,.708,168,405,573,99,39,104,86,160,761
12,Kadeem Allen,allenka01,SG,26,NYK,10,1,225,37,76,.487,8,16,.500,29,60,.483,.539,19,26,.731,5,24,29,45,8,1,11,26,101
13,Al-Farouq Aminu,aminual01,PF,28,POR,67,67,1936,210,479,.438,83,234,.355,127,245,.518,.525,119,140,.850,96,412,508,89,58,28,58,127,622
14,Justin Anderson,anderju01,SF,25,ATL,37,0,283,36,96,.375,8,45,.178,28,51,.549,.417,16,21,.762,12,35,47,13,13,8,15,34,96
15,Kyle Anderson,anderky01,SF,25,MEM,43,40,1281,150,276,.543,9,34,.265,141,242,.583,.560,37,64,.578,48,203,251,128,54,37,58,112,346
16,Ryan Anderson,anderry01,PF,30,TOT,21,8,304,21,66,.318,9,38,.237,12,28,.429,.386,12,16,.750,16,32,48,18,3,1,14,25,63
16,Ryan Anderson,anderry01,PF,30,PHO,15,8,278,19,60,.317,7,34,.206,12,26,.462,.375,11,14,.786,14,31,45,17,3,1,12,23,56
16,Ryan Anderson,anderry01,PF,30,MIA,6,0,26,2,6,.333,2,4,.500,0,2,.000,.500,1,2,.500,2,1,3,1,0,0,2,2,7
17,Ike Anigbogu,anigbik01,C,20,IND,3,0,6,0,3,.000,0,0,,0,3,.000,.000,0,0,,1,2,3,1,0,1,1,0,0
18,Giannis Antetokounmpo,antetgi01,PF,24,MIL,63,63,2073,622,1074,.579,39,161,.242,583,913,.639,.597,417,579,.720,144,648,792,374,83,89,243,209,1700
19,Carmelo Anthony,anthoca01,PF,34,HOU,10,2,294,49,121,.405,21,64,.328,28,57,.491,.492,15,22,.682,9,45,54,5,4,7,8,32,134
20,OG Anunoby,anunoog01,SF,21,TOR,57,6,1171,159,351,.453,61,177,.345,98,174,.563,.540,27,52,.519,50,123,173,39,39,16,43,122,406
21,Ryan Arcidiacono,arcidry01,PG,24,CHI,68,28,1682,143,322,.444,70,189,.370,73,133,.549,.553,65,73,.890,18,154,172,235,58,4,55,146,421
22,Trevor Ariza,arizatr01,SF,33,TOT,64,64,2247,279,703,.397,137,412,.333,142,291,.488,.494,126,158,.797,50,306,356,241,87,17,100,126,821
22,Trevor Ariza,arizatr01,SF,33,PHO,26,26,884,86,227,.379,50,139,.360,36,88,.409,.489,36,43,.837,16,129,145,87,38,8,39,44,258
22,Trevor Ariza,arizatr01,SF,33,WAS,38,38,1363,193,476,.405,87,273,.319,106,203,.522,.497,90,115,.783,34,177,211,154,49,9,61,82,563
23,D.J. Augustin,augusdj01,PG,31,ORL,68,68,1884,257,547,.470,113,262,.431,144,285,.505,.573,152,177,.859,32,123,155,335,41,3,104,95,779
24,Deandre Ayton,aytonde01,C,20,PHO,63,62,1953,451,773,.583,0,4,.000,451,769,.586,.583,128,169,.757,195,454,649,118,54,56,104,184,1030
25,Dwayne Bacon,bacondw01,SG,23,CHO,28,1,344,54,107,.505,16,34,.471,38,73,.521,.579,13,15,.867,3,41,44,22,5,1,13,39,137
26,Marvin Bagley,baglema01,PF,19,SAC,47,2,1165,249,489,.509,16,62,.258,233,427,.546,.526,138,198,.697,117,221,338,47,27,47,76,96,652
27,Ron Baker,bakerro01,SG,25,TOT,15,0,152,4,20,.200,1,13,.077,3,7,.429,.225,5,6,.833,1,10,11,15,6,1,5,18,14
27,Ron Baker,bakerro01,SG,25,NYK,11,0,107,4,16,.250,1,9,.111,3,7,.429,.281,5,6,.833,1,6,7,13,5,0,3,16,14
27,Ron Baker,bakerro01,SG,25,WAS,4,0,45,0,4,.000,0,4,.000,0,0,,.000,0,0,,0,4,4,2,1,1,2,2,0
28,Wade Baldwin,baldwwa01,PG,22,POR,16,0,94,10,33,.303,2,9,.222,8,24,.333,.333,8,11,.727,2,13,15,12,1,2,14,11,30
29,Lonzo Ball,balllo01,PG,21,LAL,47,45,1423,185,456,.406,75,228,.329,110,228,.482,.488,20,48,.417,54,197,251,255,69,19,103,114,465
30,Mohamed Bamba,bambamo01,C,20,ORL,47,1,766,117,243,.481,21,70,.300,96,173,.555,.525,37,63,.587,64,169,233,39,13,64,43,102,292
31,J.J. Barea,bareajo01,PG,34,DAL,38,0,752,161,385,.418,38,128,.297,123,257,.479,.468,55,78,.705,13,82,95,211,22,1,72,50,415
32,Harrison Barnes,barneha02,PF-SF,26,TOT,61,61,2018,346,852,.406,141,371,.380,205,481,.426,.489,197,235,.838,47,244,291,86,46,12,80,101,1030
32,Harrison Barnes,barneha02,PF,26,DAL,49,49,1584,290,717,.404,121,311,.389,169,406,.416,.489,165,198,.833,36,171,207,62,33,11,68,79,866
32,Harrison Barnes,barneha02,SF,26,SAC,12,12,434,56,135,.415,20,60,.333,36,75,.480,.489,32,37,.865,11,73,84,24,13,1,12,22,164
33,Will Barton,bartowi01,SG,28,DEN,27,22,756,120,296,.405,43,121,.355,77,175,.440,.478,45,54,.833,23,112,135,90,12,15,43,52,328
34,Keita Bates-Diop,bateske01,SF,23,MIN,16,3,235,29,66,.439,5,23,.217,24,43,.558,.477,11,18,.611,10,29,39,9,5,9,5,11,74
35,Nicolas Batum,batumni01,SF,30,CHO,66,66,2127,237,521,.455,107,273,.392,130,248,.524,.558,71,83,.855,64,289,353,229,67,38,107,124,652
36,Jerryd Bayless,bayleje01,PG,30,MIN,23,6,455,51,158,.323,23,78,.295,28,80,.350,.396,7,12,.583,7,34,41,79,11,1,20,40,132
37,Aron Baynes,baynear01,C,32,BOS,39,10,568,74,162,.457,16,52,.308,58,110,.527,.506,42,50,.840,63,99,162,46,7,23,31,91,206
38,Kent Bazemore,bazemke01,SG,29,ATL,55,35,1406,247,594,.416,80,252,.317,167,342,.488,.483,110,150,.733,33,188,221,128,80,40,106,147,684
39,Bradley Beal,bealbr01,SG,25,WAS,68,68,2557,641,1352,.474,171,496,.345,470,856,.549,.537,299,364,.821,79,280,359,382,103,51,193,201,1752
40,Malik Beasley,beaslma01,SG,22,DEN,66,18,1581,294,595,.494,138,323,.427,156,272,.574,.610,44,49,.898,29,142,171,85,42,8,41,104,770
41,Michael Beasley,beaslmi01,PF,30,LAL,26,2,277,75,153,.490,3,17,.176,72,136,.529,.500,28,39,.718,13,47,60,25,9,10,27,42,181
42,Marco Belinelli,belinma01,SG,32,SAS,66,1,1526,240,579,.415,129,337,.383,111,242,.459,.526,100,111,.901,14,150,164,118,30,8,58,98,709
43,Jordan Bell,belljo01,C,24,GSW,55,2,638,76,144,.528,0,2,.000,76,142,.535,.528,22,35,.629,47,107,154,64,19,41,29,69,174
44,DeAndre' Bembry,bembrde01,SG,24,ATL,69,15,1663,224,515,.435,43,149,.289,181,366,.495,.477,63,104,.606,40,252,292,170,83,39,119,156,554
45,Dragan Bender,bendedr01,PF,21,PHO,33,14,436,44,106,.415,13,61,.213,31,45,.689,.476,17,27,.630,19,80,99,27,7,6,20,46,118
46,Dairis Bertans,bertada02,SG,29,NOP,2,0,14,0,3,.000,0,2,.000,0,1,.000,.000,0,0,,1,0,1,1,0,0,0,2,0
47,Davis Bertans,bertada01,PF,26,SAS,62,12,1340,168,361,.465,123,266,.462,45,95,.474,.636,40,45,.889,22,198,220,75,30,30,34,105,499
48,Patrick Beverley,beverpa01,PG,30,LAC,69,40,1895,164,409,.401,92,237,.388,72,172,.419,.513,90,115,.783,65,285,350,258,59,39,74,237,510
49,Khem Birch,birchkh01,C,26,ORL,37,0,441,56,93,.602,0,1,.000,56,92,.609,.602,37,48,.771,50,80,130,26,12,22,13,44,149
50,Bismack Biyombo,biyombi01,C,26,CHO,39,17,548,58,101,.574,0,0,,58,101,.574,.574,46,68,.676,54,123,177,20,8,38,22,75,162
51,Nemanja Bjelica,bjeline01,PF,30,SAC,62,55,1448,228,478,.477,91,217,.419,137,261,.525,.572,57,73,.781,101,260,361,121,46,52,74,156,604
52,Antonio Blakeney,blakean01,SG,22,CHI,47,0,641,135,312,.433,34,75,.453,101,237,.426,.487,44,64,.688,6,67,73,25,10,8,29,31,348
53,Eric Bledsoe,bledser01,PG,29,MIL,66,66,1926,402,821,.490,101,319,.317,301,502,.600,.551,140,185,.757,69,239,308,358,92,23,135,136,1045
54,Jaron Blossomgame,blossja01,SF,25,CLE,27,4,439,47,106,.443,10,39,.256,37,67,.552,.491,10,13,.769,26,72,98,13,7,8,11,20,114
55,Bogdan Bogdanovic,bogdabo01,SG,26,SAC,54,17,1540,286,687,.416,101,296,.341,185,391,.473,.490,115,139,.827,26,176,202,216,59,12,98,115,788
56,Bojan Bogdanovic,bogdabo02,SF,29,IND,68,68,2168,434,871,.498,139,325,.428,295,546,.540,.578,200,247,.810,30,248,278,125,58,0,108,122,1207
57,Jonah Bolden,boldejo01,PF,23,PHI,36,6,477,60,118,.508,23,67,.343,37,51,.725,.606,10,21,.476,33,94,127,29,13,33,31,80,153
58,Isaac Bonga,bongais01,PG,19,LAL,10,0,38,2,10,.200,0,2,.000,2,8,.250,.200,6,9,.667,3,5,8,7,3,1,4,3,10
59,Devin Booker,bookede01,SG,22,PHO,54,54,1889,470,1025,.459,113,342,.330,357,683,.523,.514,305,351,.869,32,188,220,361,49,11,218,174,1358
60,Chris Boucher,bouchch01,PF,26,TOR,22,0,111,23,56,.411,10,29,.345,13,27,.481,.500,13,15,.867,13,22,35,0,4,20,3,22,69
61,Avery Bradley,bradlav01,SG,28,TOT,62,62,1872,239,591,.404,83,236,.352,156,355,.439,.475,43,50,.860,42,131,173,147,41,16,87,164,604
61,Avery Bradley,bradlav01,SG,28,LAC,49,49,1463,161,420,.383,58,172,.337,103,248,.415,.452,20,25,.800,35,96,131,96,27,16,61,133,400
61,Avery Bradley,bradlav01,SG,28,MEM,13,13,409,78,171,.456,25,64,.391,53,107,.495,.529,23,25,.920,7,35,42,51,14,0,26,31,204
62,Tony Bradley,bradlto01,C,21,UTA,1,0,9,0,3,.000,0,0,,0,3,.000,.000,0,0,,2,1,3,0,0,0,1,1,0
63,Corey Brewer,breweco01,SF,32,TOT,15,3,259,35,79,.443,9,30,.300,26,49,.531,.500,19,26,.731,6,24,30,18,16,5,11,37,98
63,Corey Brewer,breweco01,SF,32,PHI,7,3,140,20,49,.408,4,14,.286,16,35,.457,.449,9,13,.692,4,13,17,10,12,2,8,16,53
63,Corey Brewer,breweco01,SF,32,SAC,8,0,119,15,30,.500,5,16,.313,10,14,.714,.583,10,13,.769,2,11,13,8,4,3,3,21,45
64,Mikal Bridges,bridgmi01,SF,22,PHO,69,45,1930,196,450,.436,91,262,.347,105,188,.559,.537,74,93,.796,46,170,216,138,113,33,56,168,557
65,Miles Bridges,bridgmi02,SF,20,CHO,65,10,1254,172,383,.449,47,149,.315,125,234,.534,.510,50,67,.746,49,187,236,58,36,37,39,91,441
66,Isaiah Briscoe,briscis01,PG,22,ORL,39,0,559,55,138,.399,11,34,.324,44,104,.423,.438,15,26,.577,5,69,74,87,11,2,31,66,136
67,Ryan Broekhoff,broekry01,SG,28,DAL,30,0,253,30,73,.411,20,55,.364,10,18,.556,.548,2,2,1.000,3,28,31,15,3,3,7,18,82
68,Malcolm Brogdon,brogdma01,SG,26,MIL,63,63,1825,378,745,.507,104,242,.430,274,503,.545,.577,141,152,.928,65,223,288,204,46,13,91,102,1001
69,Dillon Brooks,brookdi01,SF,23,MEM,18,0,330,49,122,.402,15,40,.375,34,82,.415,.463,22,30,.733,9,22,31,16,10,4,19,50,135
70,MarShon Brooks,brookma01,SG,30,MEM,29,0,387,76,169,.450,15,54,.278,61,115,.530,.494,23,33,.697,12,33,45,25,9,4,21,33,190
71,Bruce Brown,brownbr01,SG,22,DET,59,41,1175,106,271,.391,21,81,.259,85,190,.447,.430,35,50,.700,40,118,158,73,27,29,40,149,268
72,Jaylen Brown,brownja02,SG,22,BOS,63,24,1631,311,684,.455,76,238,.319,235,446,.527,.510,111,162,.685,58,219,277,84,61,29,85,164,809
73,Lorenzo Brown,brownlo01,PG,28,TOR,26,0,212,23,71,.324,6,28,.214,17,43,.395,.366,3,3,1.000,5,26,31,28,12,5,16,22,55
74,Sterling Brown,brownst02,SG,23,MIL,48,0,769,97,213,.455,40,111,.360,57,102,.559,.549,18,25,.720,24,110,134,60,19,5,32,65,252
75,Troy Brown,browntr01,SF,19,WAS,38,0,334,45,114,.395,8,31,.258,37,83,.446,.430,20,28,.714,16,54,70,49,12,2,11,28,118
76,Jalen Brunson,brunsja01,PG,22,DAL,59,25,1183,190,414,.459,47,133,.353,143,281,.509,.516,64,86,.744,19,114,133,162,30,3,67,93,491
77,Thomas Bryant,bryanth01,C,21,WAS,58,43,1106,231,370,.624,24,67,.358,207,303,.683,.657,81,100,.810,82,248,330,70,21,51,42,95,567
78,Reggie Bullock,bullore01,SG,27,TOT,56,55,1701,219,535,.409,133,354,.376,86,181,.475,.534,66,78,.846,21,136,157,123,33,11,60,98,637
78,Reggie Bullock,bullore01,SG,27,DET,44,44,1355,182,441,.413,114,294,.388,68,147,.463,.542,56,64,.875,20,103,123,109,24,5,54,79,534
78,Reggie Bullock,bullore01,SG,27,LAL,12,11,346,37,94,.394,19,60,.317,18,34,.529,.495,10,14,.714,1,33,34,14,9,6,6,19,103
79,Trey Burke,burketr01,PG,26,TOT,44,7,844,176,422,.417,37,108,.343,139,314,.443,.461,77,93,.828,22,60,82,113,28,5,40,41,466
79,Trey Burke,burketr01,PG,26,NYK,33,7,689,148,358,.413,30,86,.349,118,272,.434,.455,62,75,.827,15,47,62,94,21,5,29,33,388
79,Trey Burke,burketr01,PG,26,DAL,11,0,155,28,64,.438,7,22,.318,21,42,.500,.492,15,18,.833,7,13,20,19,7,0,11,8,78
80,Alec Burks,burksal01,SG,27,TOT,60,24,1341,192,473,.406,61,167,.365,131,306,.428,.470,116,141,.823,29,199,228,123,35,21,63,89,561
80,Alec Burks,burksal01,SG,27,UTA,17,0,269,47,114,.412,16,43,.372,31,71,.437,.482,33,38,.868,2,25,27,20,6,4,15,22,143
80,Alec Burks,burksal01,SG,27,CLE,34,24,979,136,340,.400,45,119,.378,91,221,.412,.466,79,98,.806,26,160,186,98,25,16,46,62,396
80,Alec Burks,burksal01,SG,27,SAC,9,0,93,9,19,.474,0,5,.000,9,14,.643,.474,4,5,.800,1,14,15,5,4,1,2,5,22
81,Deonte Burton,burtode02,SG,25,OKC,25,0,216,32,73,.438,8,23,.348,24,50,.480,.493,6,8,.750,3,21,24,7,6,8,9,29,78
82,Jimmy Butler,butleji01,SF-SG,29,TOT,55,55,1849,363,772,.470,58,167,.347,305,605,.504,.508,258,301,.857,100,183,283,220,107,34,80,90,1042
82,Jimmy Butler,butleji01,SG,29,MIN,10,10,361,74,157,.471,17,45,.378,57,112,.509,.525,48,61,.787,16,36,52,43,24,10,14,18,213
82,Jimmy Butler,butleji01,SF,29,PHI,45,45,1488,289,615,.470,41,122,.336,248,493,.503,.503,210,240,.875,84,147,231,177,83,24,66,72,829
83,Bruno Caboclo,cabocbr01,SF,23,MEM,21,7,422,41,106,.387,20,67,.299,21,39,.538,.481,20,22,.909,17,56,73,25,7,20,21,53,122
84,Jose Calderon,caldejo01,PG,37,DET,48,0,628,45,119,.378,14,56,.250,31,63,.492,.437,9,11,.818,11,49,60,115,16,3,35,63,113
85,Kentavious Caldwell-Pope,caldwke01,SG,25,LAL,67,13,1543,221,514,.430,101,297,.340,120,217,.553,.528,101,117,.863,35,139,174,71,56,10,47,103,644
86,Isaiah Canaan,canaais01,PG,27,TOT,30,16,629,64,164,.390,34,96,.354,30,68,.441,.494,19,24,.792,6,52,58,84,14,2,35,52,181
86,Isaiah Canaan,canaais01,PG,27,PHO,19,15,503,51,129,.395,25,72,.347,26,57,.456,.492,15,20,.750,5,44,49,62,12,0,29,46,142
86,Isaiah Canaan,canaais01,PG,27,MIN,7,1,95,11,29,.379,7,19,.368,4,10,.400,.500,4,4,1.000,0,5,5,19,2,1,4,4,33
86,Isaiah Canaan,canaais01,PG,27,MIL,4,0,31,2,6,.333,2,5,.400,0,1,.000,.500,0,0,,1,3,4,3,0,1,2,2,6
87,Clint Capela,capelca01,C,24,HOU,53,53,1812,378,595,.635,0,0,,378,595,.635,.635,128,207,.618,243,420,663,73,36,86,79,139,884
88,DeMarre Carroll,carrode01,SF,32,BRK,56,0,1408,186,470,.396,88,250,.352,98,220,.445,.489,159,212,.750,56,239,295,73,27,8,61,88,619
89,Jevon Carter,carteje01,PG,23,MEM,28,3,409,32,118,.271,17,62,.274,15,56,.268,.343,11,16,.688,5,34,39,46,22,10,25,44,92
90,Vince Carter,cartevi01,SF,42,ATL,64,8,1069,162,375,.432,98,246,.398,64,129,.496,.563,33,49,.673,26,134,160,69,36,19,40,120,455
91,Wendell Carter,cartewe01,C,19,CHI,44,44,1110,180,371,.485,6,32,.188,174,339,.513,.493,89,112,.795,87,220,307,78,26,58,65,152,455
92,Michael Carter-Williams,cartemi01,PG,27,HOU,16,1,145,25,61,.410,7,19,.368,18,42,.429,.467,12,26,.462,3,10,13,21,9,6,10,27,69
93,Alex Caruso,carusal01,PG,24,LAL,10,0,96,12,19,.632,3,6,.500,9,13,.692,.711,5,8,.625,2,7,9,8,1,3,3,13,32
94,Omri Casspi,casspom01,SF,30,MEM,36,0,520,86,161,.534,15,43,.349,71,118,.602,.581,39,58,.672,17,98,115,26,20,9,23,35,226
95,Willie Cauley-Stein,caulewi01,C,25,SAC,66,66,1842,349,644,.542,1,2,.500,348,642,.542,.543,120,222,.541,152,405,557,164,81,45,75,194,819
96,Troy Caupain,caupatr01,PG,23,ORL,2,0,9,2,4,.500,1,2,.500,1,2,.500,.625,0,0,,0,2,2,3,1,0,0,0,5
97,Tyler Cavanaugh,cavanty01,PF,24,UTA,8,0,19,2,6,.333,0,3,.000,2,3,.667,.333,2,2,1.000,1,3,4,0,0,0,1,0,6
98,Tyson Chandler,chandty01,C,36,TOT,53,6,846,59,97,.608,0,1,.000,59,96,.615,.608,49,83,.590,91,206,297,37,21,22,39,108,167
98,Tyson Chandler,chandty01,C,36,PHO,7,0,89,8,12,.667,0,0,,8,12,.667,.667,10,18,.556,7,32,39,6,2,1,7,21,26
98,Tyson Chandler,chandty01,C,36,LAL,46,6,757,51,85,.600,0,1,.000,51,84,.607,.600,39,65,.600,84,174,258,31,19,21,32,87,141
99,Wilson Chandler,chandwi01,PF-SF,31,TOT,38,32,980,94,214,.439,48,123,.390,46,91,.505,.551,13,18,.722,46,129,175,73,23,18,39,96,249
99,Wilson Chandler,chandwi01,PF,31,PHI,36,32,951,91,207,.440,46,118,.390,45,89,.506,.551,13,18,.722,44,124,168,72,22,18,39,94,241
99,Wilson Chandler,chandwi01,SF,31,LAC,2,0,29,3,7,.429,2,5,.400,1,2,.500,.571,0,0,,2,5,7,1,1,0,0,2,8
100,Joe Chealey,chealjo01,PG,23,CHO,1,0,8,1,3,.333,0,0,,1,3,.333,.333,0,0,,0,0,0,1,0,0,0,1,2
101,Marquese Chriss,chrisma01,PF,21,TOT,29,2,335,45,120,.375,15,56,.268,30,64,.469,.438,20,28,.714,23,67,90,16,11,8,28,58,125
101,Marquese Chriss,chrisma01,PF,21,HOU,16,0,104,11,34,.324,1,15,.067,10,19,.526,.338,6,7,.857,7,21,28,6,2,4,12,17,29
101,Marquese Chriss,chrisma01,PF,21,CLE,13,2,231,34,86,.395,14,41,.341,20,45,.444,.477,14,21,.667,16,46,62,10,9,4,16,41,96
102,Gary Clark,clarkga01,PF,24,HOU,42,2,584,41,121,.339,33,109,.303,8,12,.667,.475,7,7,1.000,20,83,103,17,17,25,5,43,122
103,Ian Clark,clarkia01,SG,27,NOP,48,0,653,91,229,.397,39,118,.331,52,111,.468,.483,19,21,.905,9,52,61,60,12,4,41,64,240
104,Jordan Clarkson,clarkjo01,SG,26,CLE,67,0,1810,435,981,.443,130,385,.338,305,596,.512,.510,132,157,.841,67,162,229,160,47,13,113,99,1132
105,John Collins,collijo01,PF,21,ATL,50,48,1489,388,676,.574,47,124,.379,341,552,.618,.609,173,225,.769,178,312,490,95,16,25,100,161,996
106,Zach Collins,colliza01,C,21,POR,63,0,1106,145,315,.460,30,95,.316,115,220,.523,.508,77,100,.770,85,178,263,59,23,49,64,151,397
107,Darren Collison,collida01,PG,31,IND,68,68,1924,271,577,.470,72,174,.414,199,403,.494,.532,142,170,.835,33,180,213,409,96,9,109,120,756
108,Bonzie Colson,colsobo01,SF,23,MIL,1,0,3,0,1,.000,0,1,.000,0,0,,.000,0,0,,0,0,0,0,0,0,0,0,0
109,Mike Conley,conlemi01,PG,31,MEM,65,65,2160,447,1032,.433,140,391,.358,307,641,.479,.501,303,358,.846,40,183,223,413,90,22,123,115,1337
110,Pat Connaughton,connapa01,SG,26,MIL,47,1,859,109,245,.445,42,141,.298,67,104,.644,.531,17,24,.708,41,126,167,89,18,20,23,59,277
111,Quinn Cook,cookqu01,PG,25,GSW,59,8,790,147,331,.444,56,147,.381,91,184,.495,.529,15,20,.750,19,103,122,86,18,3,35,70,365
112,DeMarcus Cousins,couside01,C,28,GSW,20,20,515,111,238,.466,15,62,.242,96,176,.545,.498,79,101,.782,26,131,157,70,26,30,48,73,316
113,Robert Covington,covinro01,SF,28,TOT,35,35,1203,156,362,.431,85,225,.378,71,137,.518,.548,68,89,.764,28,165,193,46,74,47,47,126,465
113,Robert Covington,covinro01,SF,28,PHI,13,13,440,50,117,.427,30,77,.390,20,40,.500,.556,17,23,.739,7,60,67,14,24,23,22,45,147
113,Robert Covington,covinro01,SF,28,MIN,22,22,763,106,245,.433,55,148,.372,51,97,.526,.545,51,66,.773,21,105,126,32,50,24,25,81,318
114,Allen Crabbe,crabbal01,SG,26,BRK,43,20,1133,137,373,.367,98,259,.378,39,114,.342,.499,41,56,.732,16,132,148,46,23,13,46,102,413
115,Torrey Craig,craigto01,SF,28,DEN,60,37,1246,130,303,.429,45,153,.294,85,150,.567,.503,35,53,.660,78,141,219,55,33,38,41,139,340
116,Jamal Crawford,crawfja01,SG,38,PHO,55,0,961,121,330,.367,44,149,.295,77,181,.425,.433,64,77,.831,8,60,68,180,27,10,81,64,350
117,Mitch Creek,creekmi01,SF,26,BRK,4,0,36,5,10,.500,0,1,.000,5,9,.556,.500,5,7,.714,5,5,10,5,1,0,0,3,15
118,Jae Crowder,crowdja01,SF,28,UTA,66,8,1835,265,673,.394,145,439,.330,120,234,.513,.501,115,166,.693,55,270,325,112,54,24,72,141,790
119,Dante Cunningham,cunnida01,PF,31,SAS,58,21,875,74,149,.497,30,62,.484,44,87,.506,.597,14,18,.778,46,138,184,48,24,13,21,68,192
120,Seth Curry,curryse01,SG,28,POR,61,2,1053,147,329,.447,80,178,.449,67,151,.444,.568,29,35,.829,19,65,84,54,27,9,48,81,403
121,Stephen Curry,curryst01,PG,30,GSW,56,56,1926,525,1108,.474,284,662,.429,241,446,.540,.602,226,246,.919,37,258,295,293,73,20,161,142,1560
122,Troy Daniels,danietr01,SG,27,PHO,38,0,487,79,181,.436,49,128,.383,30,53,.566,.572,14,18,.778,7,34,41,16,20,4,21,49,221
123,Anthony Davis,davisan02,C,25,NOP,53,53,1786,510,990,.515,47,141,.333,463,849,.545,.539,338,426,.793,166,479,645,212,83,132,106,130,1405
124,Ed Davis,davised01,C,29,BRK,69,1,1249,158,260,.608,0,2,.000,158,258,.612,.608,79,134,.590,183,408,591,55,32,28,57,190,395
125,Tyler Davis,davisty01,C,21,OKC,1,0,1,0,1,.000,0,0,,0,1,.000,.000,0,0,,1,0,1,0,0,0,0,0,0
126,Dewayne Dedmon,dedmode01,C,29,ATL,57,45,1425,228,465,.490,71,188,.378,157,277,.567,.567,83,102,.814,95,320,415,83,61,65,77,192,610
127,Sam Dekker,dekkesa01,SF-PF,24,TOT,40,5,658,107,213,.502,15,45,.333,92,168,.548,.538,23,39,.590,44,88,132,38,33,7,19,39,252
127,Sam Dekker,dekkesa01,PF,24,CLE,9,5,169,22,48,.458,5,13,.385,17,35,.486,.510,8,10,.800,9,24,33,9,11,0,5,13,57
127,Sam Dekker,dekkesa01,SF,24,WAS,31,0,489,85,165,.515,10,32,.313,75,133,.564,.545,15,29,.517,35,64,99,29,22,7,14,26,195
128,Angel Delgado,delgaan01,C,24,LAC,1,0,14,1,4,.250,0,0,,1,4,.250,.250,1,2,.500,2,2,4,0,1,0,0,2,3
129,Matthew Dellavedova,dellama01,PG,28,TOT,48,0,812,98,242,.405,44,130,.338,54,112,.482,.496,42,52,.808,6,71,77,181,14,2,68,75,282
129,Matthew Dellavedova,dellama01,PG,28,MIL,12,0,97,6,19,.316,4,11,.364,2,8,.250,.421,4,4,1.000,0,10,10,29,2,0,11,9,20
129,Matthew Dellavedova,dellama01,PG,28,CLE,36,0,715,92,223,.413,40,119,.336,52,104,.500,.502,38,48,.792,6,61,67,152,12,2,57,66,262
130,Luol Deng,denglu01,SF,33,MIN,22,2,392,59,118,.500,14,44,.318,45,74,.608,.559,25,35,.714,20,53,73,18,15,8,14,24,157
131,DeMar DeRozan,derozde01,SG,29,SAS,63,63,2224,529,1115,.474,7,42,.167,522,1073,.486,.478,302,366,.825,45,340,385,386,70,30,166,148,1367
132,Marcus Derrickson,derrima01,PF,22,GSW,9,0,54,10,24,.417,5,14,.357,5,10,.500,.521,3,4,.750,5,3,8,1,0,1,3,9,28
133,Cheick Diallo,diallch01,PF,22,NOP,52,0,656,127,204,.623,0,2,.000,127,202,.629,.623,41,57,.719,54,192,246,19,23,28,38,79,295
134,Hamidou Diallo,diallha01,SG,20,OKC,46,3,517,75,162,.463,4,23,.174,71,139,.511,.475,36,59,.610,37,58,95,17,20,10,23,75,190
135,Gorgui Dieng,dienggo01,C,29,MIN,62,0,799,129,267,.483,13,44,.295,116,223,.520,.507,65,74,.878,63,185,248,51,34,32,37,110,336
136,Spencer Dinwiddie,dinwisp01,PG,25,BRK,56,4,1579,319,692,.461,109,302,.361,210,390,.538,.540,233,295,.790,22,119,141,275,33,15,129,156,980
137,Donte DiVincenzo,divindo01,SG,22,MIL,27,0,411,50,124,.403,22,83,.265,28,41,.683,.492,9,12,.750,16,49,65,31,13,6,19,38,131
138,Luka Doncic,doncilu01,SG,19,DAL,63,63,2031,436,1015,.430,152,443,.343,284,572,.497,.504,294,416,.707,70,395,465,355,67,24,215,116,1318
139,Tyler Dorsey,dorsety01,SG,22,TOT,35,0,321,44,114,.386,16,53,.302,28,61,.459,.456,18,30,.600,13,45,58,19,9,2,15,25,122
139,Tyler Dorsey,dorsety01,SG,22,ATL,27,0,251,32,89,.360,10,39,.256,22,50,.440,.416,16,26,.615,9,34,43,17,7,1,10,20,90
139,Tyler Dorsey,dorsety01,SG,22,MEM,8,0,70,12,25,.480,6,14,.429,6,11,.545,.600,2,4,.500,4,11,15,2,2,1,5,5,32
140,Damyean Dotson,dotsoda01,SG,24,NYK,59,26,1531,227,541,.420,97,253,.383,130,288,.451,.509,60,82,.732,33,186,219,101,50,7,47,108,611
141,PJ Dozier,doziepj01,SG,22,BOS,4,0,10,3,6,.500,1,2,.500,2,4,.500,.583,0,0,,2,2,4,0,0,0,0,1,7
142,Goran Dragic,dragigo01,PG,32,MIA,21,14,547,109,255,.427,33,97,.340,76,158,.481,.492,57,72,.792,8,50,58,86,13,4,45,46,308
143,Andre Drummond,drumman01,C,25,DET,64,64,2112,456,858,.531,5,37,.135,451,821,.549,.534,193,332,.581,326,647,973,78,104,108,142,221,1110
144,Jared Dudley,dudleja01,PF,33,BRK,49,25,1012,81,199,.407,42,127,.331,39,72,.542,.513,22,35,.629,25,101,126,68,29,13,39,111,226
145,Kris Dunn,dunnkr01,PG,24,CHI,41,39,1254,190,441,.431,29,82,.354,161,359,.448,.464,44,56,.786,17,153,170,248,62,19,95,148,453
146,Kevin Durant,duranke01,PF,30,GSW,65,65,2301,626,1221,.513,121,337,.359,505,884,.571,.562,409,464,.881,32,404,436,368,50,75,196,128,1782
147,Trevon Duval,duvaltr01,PG,20,MIL,3,0,6,2,3,.667,1,1,1.000,1,2,.500,.833,0,0,,0,1,1,2,0,0,0,0,5
148,Vince Edwards,edwarvi01,SF,22,HOU,2,0,16,1,4,.250,1,4,.250,0,0,,.375,0,0,,1,1,2,0,0,0,0,0,3
149,Henry Ellenson,ellenhe01,PF,22,TOT,9,0,131,16,47,.340,10,23,.435,6,24,.250,.447,7,8,.875,2,32,34,7,5,0,4,15,49
149,Henry Ellenson,ellenhe01,PF,22,DET,2,0,25,4,10,.400,2,4,.500,2,6,.333,.500,2,2,1.000,0,9,9,1,0,0,0,2,12
149,Henry Ellenson,ellenhe01,PF,22,NYK,7,0,106,12,37,.324,8,19,.421,4,18,.222,.432,5,6,.833,2,23,25,6,5,0,4,13,37
150,Wayne Ellington,ellinwa01,SG,31,TOT,38,23,859,111,290,.383,90,242,.372,21,48,.438,.538,21,26,.808,7,65,72,46,37,4,28,66,333
150,Wayne Ellington,ellinwa01,SG,31,MIA,25,12,533,69,184,.375,57,155,.368,12,29,.414,.530,14,16,.875,6,41,47,29,24,3,14,40,209
150,Wayne Ellington,ellinwa01,SG,31,DET,13,11,326,42,106,.396,33,87,.379,9,19,.474,.552,7,10,.700,1,24,25,17,13,1,14,26,124
151,Joel Embiid,embiijo01,C,24,PHI,56,56,1884,500,1039,.481,65,222,.293,435,817,.532,.513,458,565,.811,140,619,759,193,35,109,202,189,1523
152,James Ennis,ennisja01,SF,28,TOT,50,26,1090,123,255,.482,48,137,.350,75,118,.636,.576,51,68,.750,50,101,151,33,40,19,30,126,345
152,James Ennis,ennisja01,SF,28,HOU,40,25,949,104,211,.493,44,120,.367,60,91,.659,.597,42,58,.724,37,80,117,27,38,16,23,111,294
152,James Ennis,ennisja01,SF,28,PHI,10,1,141,19,44,.432,4,17,.235,15,27,.556,.477,9,10,.900,13,21,34,6,2,3,7,15,51
153,Drew Eubanks,eubandr01,PF,21,SAS,19,0,93,14,20,.700,0,0,,14,20,.700,.700,11,13,.846,3,22,25,6,1,4,6,10,39
154,Jacob Evans,evansja02,SG,21,GSW,24,0,116,9,28,.321,1,6,.167,8,22,.364,.339,0,1,.000,3,9,12,15,1,1,7,15,19
155,Jawun Evans,evansja01,PG,22,PHO,7,0,64,3,13,.231,0,2,.000,3,11,.273,.231,0,0,,1,11,12,10,3,0,6,8,6
156,Tyreke Evans,evansty01,SG,29,IND,57,15,1127,203,531,.382,65,185,.351,138,346,.399,.444,92,122,.754,29,124,153,132,52,15,95,92,563
157,Dante Exum,exumda01,PG,23,UTA,41,1,661,101,241,.419,18,62,.290,83,179,.464,.456,68,86,.791,16,52,68,110,14,5,50,68,288
158,Kenneth Faried,farieke01,C,29,TOT,30,13,598,128,215,.595,7,20,.350,121,195,.621,.612,56,86,.651,82,125,207,18,13,20,27,65,319
158,Kenneth Faried,farieke01,C,29,BRK,12,0,118,25,42,.595,1,5,.200,24,37,.649,.607,10,16,.625,15,29,44,2,2,4,6,8,61
158,Kenneth Faried,farieke01,C,29,HOU,18,13,480,103,173,.595,6,15,.400,97,158,.614,.613,46,70,.657,67,96,163,16,11,16,21,57,258
159,Derrick Favors,favorde01,C,27,UTA,66,60,1550,305,528,.578,17,74,.230,288,454,.634,.594,138,201,.687,177,306,483,77,51,94,75,147,765
160,Cristiano Felicio,feliccr01,C,26,CHI,47,0,475,62,116,.534,0,2,.000,62,114,.544,.534,30,45,.667,49,85,134,21,6,5,20,47,154
161,Raymond Felton,feltora01,PG,34,OKC,25,0,287,45,108,.417,12,44,.273,33,64,.516,.472,12,13,.923,3,21,24,39,8,6,12,22,114
162,Terrance Ferguson,fergute01,SG,20,OKC,60,60,1520,146,342,.427,81,224,.362,65,118,.551,.545,26,38,.684,26,80,106,54,33,14,34,194,399
163,Yogi Ferrell,ferreyo01,PG,25,SAC,56,3,815,116,269,.431,40,109,.367,76,160,.475,.506,43,49,.878,12,78,90,110,28,4,28,48,315
164,Dorian Finney-Smith,finnedo01,SF,25,DAL,67,25,1704,192,431,.445,67,205,.327,125,226,.553,.523,62,91,.681,120,211,331,69,62,31,67,158,513
165,Bryn Forbes,forbebr01,PG,25,SAS,68,67,1905,295,667,.442,140,345,.406,155,322,.481,.547,62,70,.886,15,185,200,144,40,3,71,142,792
166,Evan Fournier,fournev01,SG,26,ORL,68,68,2142,377,890,.424,132,387,.341,245,503,.487,.498,110,137,.803,33,177,210,248,59,10,132,196,996
167,De'Aaron Fox,foxde01,PG,21,SAC,65,65,2068,409,884,.463,70,187,.374,339,697,.486,.502,247,343,.720,34,206,240,470,108,33,192,168,1135
168,Melvin Frazier,frazime01,SG,22,ORL,7,0,32,6,14,.429,0,3,.000,6,11,.545,.429,0,0,,2,1,3,0,1,0,1,4,12
169,Tim Frazier,fraziti01,PG,28,NOP,47,17,909,88,195,.451,27,77,.351,61,118,.517,.521,32,41,.780,32,105,137,206,25,4,60,93,235
170,Channing Frye,fryech01,C,35,CLE,32,5,311,37,103,.359,28,71,.394,9,32,.281,.495,9,12,.750,4,44,48,19,6,5,10,41,111
171,Markelle Fultz,fultzma01,PG,20,PHI,19,15,427,65,155,.419,4,14,.286,61,141,.433,.432,21,37,.568,26,44,70,59,17,5,25,52,155
172,Danilo Gallinari,gallida01,SF,30,LAC,57,57,1731,333,728,.457,136,313,.435,197,415,.475,.551,298,330,.903,48,291,339,137,38,20,82,112,1100
173,Langston Galloway,gallola01,SG,27,DET,65,4,1372,179,459,.390,110,303,.363,69,156,.442,.510,57,69,.826,36,102,138,69,30,6,22,104,525
174,Marc Gasol,gasolma01,C,34,TOT,65,58,2062,346,778,.445,80,235,.340,266,543,.490,.496,169,225,.751,70,459,529,291,71,74,137,178,941
174,Marc Gasol,gasolma01,C,34,MEM,53,53,1788,303,683,.444,76,221,.344,227,462,.491,.499,152,201,.756,56,399,455,248,60,63,119,147,834
174,Marc Gasol,gasolma01,C,34,TOR,12,5,274,43,95,.453,4,14,.286,39,81,.481,.474,17,24,.708,14,60,74,43,11,11,18,31,107
175,Pau Gasol,gasolpa01,C,38,TOT,30,6,360,42,94,.447,6,13,.462,36,81,.444,.479,28,40,.700,22,115,137,52,5,15,16,29,118
175,Pau Gasol,gasolpa01,C,38,SAS,27,6,330,41,88,.466,5,10,.500,36,78,.462,.494,27,38,.711,22,105,127,50,5,14,14,28,114
175,Pau Gasol,gasolpa01,C,38,MIL,3,0,30,1,6,.167,1,3,.333,0,3,.000,.250,1,2,.500,0,10,10,2,0,1,2,1,4
176,Rudy Gay,gayru01,PF,32,SAS,55,48,1490,309,604,.512,60,145,.414,249,459,.542,.561,103,122,.844,50,310,360,145,46,32,87,136,781
177,Paul George,georgpa01,SF,28,OKC,64,64,2343,588,1333,.441,239,614,.389,349,719,.485,.531,385,458,.841,88,435,523,267,144,29,169,181,1800
178,Taj Gibson,gibsota01,PF,33,MIN,67,57,1638,297,521,.570,11,34,.324,286,487,.587,.581,127,168,.756,166,276,442,78,53,38,71,182,732
179,Harry Giles,gilesha01,PF,20,SAC,53,0,735,156,313,.498,0,6,.000,156,307,.508,.498,55,87,.632,60,143,203,72,28,18,65,140,367
180,Shai Gilgeous-Alexander,gilgesh01,PG,20,LAC,69,60,1766,266,570,.467,40,111,.360,226,459,.492,.502,124,153,.810,47,138,185,204,75,38,125,145,696
181,Rudy Gobert,goberru01,C,26,UTA,67,66,2129,378,581,.651,0,0,,378,581,.651,.651,275,429,.641,256,607,863,138,56,152,108,190,1031
182,Brandon Goodwin,goodwbr01,PG,23,DEN,16,0,57,6,23,.261,2,6,.333,4,17,.235,.304,9,11,.818,1,2,3,14,0,0,3,7,23
183,Aaron Gordon,gordoaa01,PF,23,ORL,65,65,2185,387,877,.441,97,291,.333,290,586,.495,.497,162,223,.726,107,376,483,235,44,47,134,149,1033
184,Eric Gordon,gordoer01,SG,30,HOU,55,40,1789,320,789,.406,164,480,.342,156,309,.505,.510,110,141,.780,16,116,132,115,34,22,78,122,914
185,Marcin Gortat,gortama01,C,34,LAC,47,43,751,99,186,.532,0,0,,99,186,.532,.532,35,48,.729,67,194,261,65,6,24,50,92,233
186,Devonte' Graham,grahade01,PG,23,CHO,33,3,439,52,142,.366,26,83,.313,26,59,.441,.458,17,23,.739,4,37,41,71,17,2,22,34,147
187,Treveon Graham,grahatr01,SG,25,BRK,26,20,559,50,149,.336,26,97,.268,24,52,.462,.423,14,18,.778,18,61,79,24,8,7,15,57,140
188,Jerami Grant,grantje01,PF,24,OKC,66,63,2135,330,648,.509,81,216,.375,249,432,.576,.572,136,193,.705,74,267,341,65,55,85,50,178,877
189,Jerian Grant,grantje02,PG,26,ORL,54,1,895,84,200,.420,35,98,.357,49,102,.480,.508,26,38,.684,18,75,93,147,43,6,50,74,229
190,Donte Grantham,grantdo01,SF,23,OKC,3,0,2,0,2,.000,0,2,.000,0,0,,.000,0,0,,0,0,0,0,0,0,0,0,0
191,Danny Green,greenda02,SG,31,TOR,66,66,1861,236,524,.450,155,355,.437,81,169,.479,.598,30,33,.909,52,214,266,94,58,44,62,148,657
192,Draymond Green,greendr01,PF,28,GSW,52,52,1626,139,324,.429,31,126,.246,108,198,.545,.477,50,71,.704,48,338,386,366,77,51,131,169,359
193,Gerald Green,greenge01,SG,33,HOU,64,0,1357,215,526,.409,142,398,.357,73,128,.570,.544,52,62,.839,29,142,171,39,26,24,51,114,624
194,JaMychal Green,greenja01,PF,28,TOT,54,5,1160,190,397,.479,54,138,.391,136,259,.525,.547,73,93,.785,93,255,348,40,41,32,77,161,507
194,JaMychal Green,greenja01,PF,28,MEM,41,4,900,151,312,.484,38,96,.396,113,216,.523,.545,63,80,.788,72,180,252,36,33,26,64,123,403
194,JaMychal Green,greenja01,PF,28,LAC,13,1,260,39,85,.459,16,42,.381,23,43,.535,.553,10,13,.769,21,75,96,4,8,6,13,38,104
195,Jeff Green,greenje02,PF,32,WAS,66,40,1847,279,591,.472,98,274,.358,181,317,.571,.555,162,182,.890,52,227,279,125,34,33,86,143,818
196,Blake Griffin,griffbl01,PF,29,DET,65,65,2300,549,1166,.471,159,440,.361,390,726,.537,.539,361,481,.751,87,415,502,350,45,26,229,174,1618
197,Daniel Hamilton,hamilda02,SG,23,ATL,19,3,204,23,60,.383,8,23,.348,15,37,.405,.450,3,6,.500,10,37,47,22,6,1,16,19,57
198,Tim Hardaway,hardati02,SG,26,TOT,61,59,1926,363,932,.389,150,447,.336,213,485,.439,.470,224,267,.839,32,179,211,149,53,7,100,133,1100
198,Tim Hardaway,hardati02,SG,26,NYK,46,46,1499,282,726,.388,117,337,.347,165,389,.424,.469,199,233,.854,26,135,161,122,42,6,81,106,880
198,Tim Hardaway,hardati02,SG,26,DAL,15,13,427,81,206,.393,33,110,.300,48,96,.500,.473,25,34,.735,6,44,50,27,11,1,19,27,220
199,James Harden,hardeja01,SG,29,HOU,64,64,2386,686,1574,.436,305,856,.356,381,718,.531,.533,630,718,.877,57,356,413,482,138,46,330,208,2307
200,Maurice Harkless,harklma01,SF,25,POR,47,40,1056,136,280,.486,25,90,.278,111,190,.584,.530,30,48,.625,56,147,203,50,51,38,33,128,327
201,Montrezl Harrell,harremo01,C,25,LAC,69,4,1815,453,733,.618,2,14,.143,451,719,.627,.619,213,340,.626,163,296,459,129,60,93,106,219,1121
202,Devin Harris,harride01,PG,35,DAL,54,0,819,105,265,.396,47,150,.313,58,115,.504,.485,78,105,.743,9,74,83,77,33,12,47,98,335
203,Gary Harris,harriga01,SG,24,DEN,41,32,1176,203,476,.426,60,184,.326,143,292,.490,.489,95,118,.805,29,90,119,104,37,16,49,84,561
204,Joe Harris,harrijo01,SG,27,BRK,65,65,1945,318,633,.502,152,327,.465,166,306,.542,.622,93,112,.830,45,191,236,163,32,15,105,160,881
205,Tobias Harris,harrito02,PF-SF,26,TOT,69,69,2405,531,1064,.499,143,338,.423,388,726,.534,.566,225,257,.875,49,496,545,187,46,33,133,157,1430
205,Tobias Harris,harrito02,PF,26,LAC,55,55,1903,424,855,.496,112,258,.434,312,597,.523,.561,192,219,.877,37,395,432,150,40,24,109,123,1152
205,Tobias Harris,harrito02,SF,26,PHI,14,14,502,107,209,.512,31,80,.388,76,129,.589,.586,33,38,.868,12,101,113,37,6,9,24,34,278
206,Andrew Harrison,harrian01,SG-PG,24,TOT,17,0,187,16,53,.302,5,25,.200,11,28,.393,.349,17,18,.944,6,14,20,24,4,2,12,34,54
206,Andrew Harrison,harrian01,PG,24,MEM,1,0,5,1,2,.500,0,1,.000,1,1,1.000,.500,0,0,,0,0,0,0,0,0,0,1,2
206,Andrew Harrison,harrian01,SG,24,CLE,10,0,144,12,39,.308,3,14,.214,9,25,.360,.346,16,16,1.000,4,11,15,17,4,2,10,26,43
206,Andrew Harrison,harrian01,SG,24,NOP,6,0,38,3,12,.250,2,10,.200,1,2,.500,.333,1,2,.500,2,3,5,7,0,0,2,7,9
207,Shaquille Harrison,harrish01,PG,25,CHI,60,0,1051,120,289,.415,18,71,.254,102,218,.468,.446,67,103,.650,22,131,153,107,66,21,42,95,325
208,Josh Hart,hartjo01,SG,23,LAL,64,22,1650,183,450,.407,88,264,.333,95,186,.511,.504,55,79,.696,35,206,241,89,59,40,56,145,509
209,Isaiah Hartenstein,harteis01,PF,20,HOU,27,0,220,20,41,.488,2,6,.333,18,35,.514,.512,11,14,.786,21,26,47,14,7,12,13,56,53
210,Udonis Haslem,hasleud01,C,38,MIA,8,0,35,3,9,.333,0,4,.000,3,5,.600,.333,0,0,,1,11,12,0,0,0,2,4,6
211,Gordon Hayward,haywago01,PF,28,BOS,62,17,1603,245,546,.449,71,211,.336,174,335,.519,.514,123,149,.826,48,223,271,216,56,21,91,90,684
212,John Henson,hensojo01,C,28,MIL,14,0,188,31,67,.463,11,31,.355,20,36,.556,.545,6,10,.600,16,55,71,14,7,11,12,16,79
213,Juan Hernangomez,hernaju01,PF,23,DEN,61,25,1268,134,298,.450,65,171,.380,69,127,.543,.559,64,84,.762,62,191,253,49,25,22,35,83,397
214,Willy Hernangomez,hernawi01,C,24,CHO,48,3,655,125,240,.521,13,30,.433,112,210,.533,.548,76,112,.679,93,166,259,46,12,16,47,84,339
215,Mario Hezonja,hezonma01,SF,23,NYK,48,14,916,140,353,.397,33,119,.277,107,234,.457,.443,54,77,.701,21,156,177,49,45,6,56,83,367
216,Isaiah Hicks,hicksis01,PF,24,NYK,1,0,4,0,0,,0,0,,0,0,,,1,2,.500,0,0,0,1,0,0,0,0,1
217,Buddy Hield,hieldbu01,SG,26,SAC,66,66,2116,507,1098,.462,221,511,.432,286,587,.487,.562,144,165,.873,91,255,346,157,40,26,128,166,1379
218,Haywood Highsmith,highsha01,SF,22,PHI,2,0,9,1,2,.500,1,2,.500,0,0,,.750,0,0,,0,1,1,2,0,0,0,0,3
219,Nene Hilario,hilarne01,C,36,HOU,35,2,459,52,93,.559,0,2,.000,52,91,.571,.559,27,40,.675,27,79,106,21,16,14,9,71,131
220,George Hill,hillge01,PG,32,TOT,47,13,1037,125,282,.443,37,114,.325,88,168,.524,.509,47,57,.825,30,85,115,110,43,7,40,81,334
220,George Hill,hillge01,PG,32,CLE,13,13,344,55,107,.514,13,28,.464,42,79,.532,.575,17,20,.850,12,15,27,36,12,1,20,35,140
220,George Hill,hillge01,PG,32,MIL,34,0,693,70,175,.400,24,86,.279,46,89,.517,.469,30,37,.811,18,70,88,74,31,6,20,46,194
221,Solomon Hill,hillso01,SF,27,NOP,38,15,746,52,137,.380,22,75,.293,30,62,.484,.460,19,27,.704,32,82,114,46,22,9,25,65,145
222,Aaron Holiday,holidaa01,PG,22,IND,42,0,473,79,206,.383,30,100,.300,49,106,.462,.456,31,35,.886,4,51,55,59,16,12,28,50,219
223,Jrue Holiday,holidjr01,SG,28,NOP,67,67,2402,547,1159,.472,118,363,.325,429,796,.539,.523,208,271,.768,75,259,334,518,109,54,210,148,1420
224,Justin Holiday,holidju01,SG,29,TOT,69,64,2162,235,631,.372,129,382,.338,106,249,.426,.475,72,81,.889,34,242,276,125,98,32,87,135,671
224,Justin Holiday,holidju01,SG,29,CHI,38,38,1325,151,394,.383,97,270,.359,54,124,.435,.506,41,46,.891,19,150,169,85,67,21,47,79,440
224,Justin Holiday,holidju01,SG,29,MEM,31,26,837,84,237,.354,32,112,.286,52,125,.416,.422,31,35,.886,15,92,107,40,31,11,40,56,231
225,John Holland,hollajo02,SF,30,CLE,1,0,1,0,0,,0,0,,0,0,,,0,0,,0,0,0,0,0,0,0,0,0
226,Rondae Hollis-Jefferson,holliro01,SF,24,BRK,54,21,1147,178,437,.407,9,47,.191,169,390,.433,.418,109,169,.645,71,204,275,88,37,25,59,101,474
227,Richaun Holmes,holmeri01,C,25,PHO,63,2,1035,196,314,.624,0,0,,196,314,.624,.624,106,147,.721,101,183,284,51,38,72,46,172,498
228,Rodney Hood,hoodro01,SG,26,TOT,58,45,1511,231,538,.429,68,189,.360,163,349,.467,.493,118,131,.901,20,110,130,102,49,7,42,122,648
228,Rodney Hood,hoodro01,SG,26,CLE,45,45,1234,194,454,.427,55,152,.362,139,302,.460,.488,104,114,.912,18,94,112,92,38,5,36,101,547
228,Rodney Hood,hoodro01,SG,26,POR,13,0,277,37,84,.440,13,37,.351,24,47,.511,.518,14,17,.824,2,16,18,10,11,2,6,21,101
229,Al Horford,horfoal01,C,32,BOS,58,58,1664,318,601,.529,62,178,.348,256,423,.605,.581,57,69,.826,105,285,390,233,51,77,88,111,755
230,Danuel House,houseda01,SF,25,HOU,25,12,620,71,155,.458,39,100,.390,32,55,.582,.584,45,55,.818,20,69,89,26,14,10,23,45,226
231,Dwight Howard,howardw01,C,33,WAS,9,9,230,43,69,.623,0,0,,43,69,.623,.623,29,48,.604,24,59,83,4,7,4,16,34,115
232,Kevin Huerter,huertke01,SG,20,ATL,63,47,1713,226,533,.424,115,292,.394,111,241,.461,.532,40,54,.741,48,159,207,174,54,20,94,128,607
233,Chandler Hutchison,hutchch01,SF,22,CHI,44,14,895,96,209,.459,14,50,.280,82,159,.516,.493,23,38,.605,31,154,185,34,23,6,25,59,229
234,Serge Ibaka,ibakase01,C,29,TOR,64,50,1790,401,768,.522,40,150,.267,361,618,.584,.548,124,161,.770,137,383,520,92,28,88,100,187,966
235,Andre Iguodala,iguodan01,SF,35,GSW,59,12,1396,133,266,.500,45,129,.349,88,137,.642,.585,38,64,.594,40,187,227,190,52,47,42,86,349
236,Ersan Ilyasova,ilyaser01,PF,31,MIL,55,5,974,138,312,.442,47,128,.367,91,184,.495,.518,49,57,.860,85,161,246,46,29,15,37,140,372
237,Joe Ingles,inglejo01,SF,31,UTA,67,67,2125,285,652,.437,142,382,.372,143,270,.530,.546,79,110,.718,28,234,262,361,87,18,153,160,791
238,Andre Ingram,ingraan01,SG,33,LAL,1,0,2,0,1,.000,0,0,,0,1,.000,.000,0,0,,0,0,0,0,0,0,0,0,0
239,Brandon Ingram,ingrabr01,SF,21,LAL,52,52,1760,362,729,.497,31,94,.330,331,635,.521,.518,195,289,.675,41,226,267,154,28,31,129,149,950
240,Kyrie Irving,irvinky01,PG,26,BOS,56,56,1838,500,1004,.498,143,341,.419,357,663,.538,.569,166,191,.869,61,211,272,393,86,27,147,136,1309
241,Jonathan Isaac,isaacjo01,PF,21,ORL,63,52,1675,218,500,.436,67,204,.328,151,296,.510,.503,99,119,.832,83,260,343,63,48,82,66,125,602
242,Wesley Iwundu,iwundwe01,SF,24,ORL,55,12,984,87,221,.394,19,59,.322,68,162,.420,.437,71,88,.807,27,123,150,57,22,18,39,105,264
243,Demetrius Jackson,jacksde01,PG,24,PHI,6,0,39,8,15,.533,2,6,.333,6,9,.667,.600,4,4,1.000,2,1,3,5,2,0,1,4,22
244,Frank Jackson,jacksfr01,PG,20,NOP,55,10,966,158,361,.438,41,137,.299,117,224,.522,.494,36,49,.735,22,96,118,53,21,1,41,80,393
245,Jaren Jackson,jacksja02,PF,19,MEM,58,56,1515,298,589,.506,51,142,.359,247,447,.553,.549,151,197,.766,73,199,272,64,52,82,98,220,798
246,Josh Jackson,jacksjo02,SG,21,PHO,69,25,1655,287,700,.410,56,182,.308,231,518,.446,.450,122,180,.678,56,227,283,156,66,45,155,173,752
247,Justin Jackson,jacksju01,SF,23,TOT,66,3,1262,149,357,.417,67,190,.353,82,167,.491,.511,47,60,.783,30,135,165,73,26,14,24,79,412
247,Justin Jackson,jacksju01,SF,23,SAC,52,3,1083,125,295,.424,55,159,.346,70,136,.515,.517,41,50,.820,25,121,146,68,23,13,22,67,346
247,Justin Jackson,jacksju01,SF,23,DAL,14,0,179,24,62,.387,12,31,.387,12,31,.387,.484,6,10,.600,5,14,19,5,3,1,2,12,66
248,Reggie Jackson,jacksre01,PG,28,DET,67,67,1904,356,839,.424,140,378,.370,216,461,.469,.508,168,192,.875,36,135,171,285,46,6,116,180,1020
249,LeBron James,jamesle01,SF,34,LAL,49,49,1733,496,960,.517,101,290,.348,395,670,.590,.569,246,373,.660,50,375,425,392,67,30,170,84,1339
250,Amile Jefferson,jeffeam01,PF,25,ORL,5,0,20,1,4,.250,0,0,,1,4,.250,.250,4,4,1.000,2,5,7,0,1,0,0,3,6
251,John Jenkins,jenkijo01,SG,27,TOT,14,0,141,19,47,.404,9,23,.391,10,24,.417,.500,2,4,.500,2,10,12,8,0,1,4,1,49
251,John Jenkins,jenkijo01,SG,27,WAS,4,0,14,2,2,1.000,2,2,1.000,0,0,,1.500,0,0,,0,1,1,1,0,0,0,0,6
251,John Jenkins,jenkijo01,SG,27,NYK,10,0,127,17,45,.378,7,21,.333,10,24,.417,.456,2,4,.500,2,9,11,7,0,1,4,1,43
252,Jonas Jerebko,jerebjo01,PF,31,GSW,60,6,1046,137,297,.461,55,157,.350,82,140,.586,.554,54,66,.818,67,195,262,83,18,13,37,116,383
253,Alize Johnson,johnsal02,PF,22,IND,11,0,32,2,10,.200,1,2,.500,1,8,.125,.250,1,4,.250,1,7,8,0,0,1,0,3,6
254,Amir Johnson,johnsam01,C,31,PHI,43,5,442,67,132,.508,11,33,.333,56,99,.566,.549,27,36,.750,37,85,122,51,15,11,44,90,172
255,B.J. Johnson,johnsbj01,SF,23,ATL,5,0,43,7,15,.467,3,6,.500,4,9,.444,.567,2,2,1.000,2,6,8,0,2,0,2,3,19
256,James Johnson,johnsja01,PF,31,MIA,41,33,854,124,289,.429,38,108,.352,86,181,.475,.495,34,47,.723,16,114,130,95,27,19,54,83,320
257,Stanley Johnson,johnsst04,SF,22,TOT,58,7,1061,143,383,.373,52,193,.269,91,190,.479,.441,41,54,.759,32,164,196,73,54,13,66,105,379
257,Stanley Johnson,johnsst04,SF,22,DET,48,7,961,133,349,.381,51,181,.282,82,168,.488,.454,41,51,.804,25,150,175,60,48,13,55,92,358
257,Stanley Johnson,johnsst04,SF,22,NOP,10,0,100,10,34,.294,1,12,.083,9,22,.409,.309,0,3,.000,7,14,21,13,6,0,11,13,21
258,Tyler Johnson,johnsty01,PG-SG,26,TOT,57,22,1529,217,526,.413,90,260,.346,127,266,.477,.498,95,127,.748,34,139,173,166,54,27,77,97,619
258,Tyler Johnson,johnsty01,PG,26,MIA,44,10,1123,171,401,.426,72,204,.353,99,197,.503,.516,61,88,.693,19,102,121,112,40,21,63,72,475
258,Tyler Johnson,johnsty01,SG,26,PHO,13,12,406,46,125,.368,18,56,.321,28,69,.406,.440,34,39,.872,15,37,52,54,14,6,14,25,144
259,Wesley Johnson,johnswe01,SF,31,TOT,35,13,512,45,123,.366,25,75,.333,20,48,.417,.467,10,16,.625,12,56,68,23,14,11,18,60,125
259,Wesley Johnson,johnswe01,SF,31,NOP,26,13,377,35,88,.398,19,50,.380,16,38,.421,.506,6,9,.667,10,44,54,16,12,7,12,45,95
259,Wesley Johnson,johnswe01,SF,31,WAS,9,0,135,10,35,.286,6,25,.240,4,10,.400,.371,4,7,.571,2,12,14,7,2,4,6,15,30
260,Nikola Jokic,jokicni01,C,23,DEN,65,65,2042,496,978,.507,71,219,.324,425,759,.560,.543,260,311,.836,191,505,696,493,92,42,209,187,1323
261,Damian Jones,jonesda03,C,23,GSW,24,22,410,53,74,.716,0,0,,53,74,.716,.716,24,37,.649,31,44,75,28,12,25,16,63,130
262,Derrick Jones,jonesde02,SF,21,MIA,47,5,876,130,254,.512,24,68,.353,106,186,.570,.559,54,88,.614,82,112,194,27,36,33,38,96,338
263,Jalen Jones,jonesja04,SF,25,CLE,16,0,214,26,62,.419,10,28,.357,16,34,.471,.500,19,27,.704,11,23,34,7,9,2,8,27,81
264,Terrence Jones,joneste01,PF,27,HOU,2,0,5,1,4,.250,0,2,.000,1,2,.500,.250,0,1,.000,0,4,4,0,0,0,1,1,2
265,Tyus Jones,jonesty01,PG,22,MIN,54,9,1124,123,307,.401,29,92,.315,94,215,.437,.448,41,49,.837,17,81,98,221,68,5,35,60,316
266,DeAndre Jordan,jordade01,C,30,TOT,62,62,1869,262,406,.645,0,0,,262,406,.645,.645,166,239,.695,204,628,832,124,37,67,133,152,690
266,DeAndre Jordan,jordade01,C,30,DAL,50,50,1554,208,323,.644,0,0,,208,323,.644,.644,135,198,.682,161,525,686,99,33,53,111,125,551
266,DeAndre Jordan,jordade01,C,30,NYK,12,12,315,54,83,.651,0,0,,54,83,.651,.651,31,41,.756,43,103,146,25,4,14,22,27,139
267,Cory Joseph,josepco01,PG,27,IND,68,3,1732,204,470,.434,50,150,.333,154,320,.481,.487,25,37,.676,32,211,243,268,70,18,69,106,483
268,Frank Kaminsky,kaminfr01,C,25,CHO,32,0,414,80,163,.491,29,74,.392,51,89,.573,.580,35,51,.686,26,65,91,35,5,6,28,39,224
269,Enes Kanter,kanteen01,C,26,TOT,53,23,1296,288,538,.535,7,27,.259,281,511,.550,.542,128,159,.805,195,330,525,97,23,21,92,130,711
269,Enes Kanter,kanteen01,C,26,NYK,44,23,1128,251,468,.536,7,22,.318,244,446,.547,.544,105,129,.814,171,290,461,84,18,17,79,106,614
269,Enes Kanter,kanteen01,C,26,POR,9,0,168,37,70,.529,0,5,.000,37,65,.569,.529,23,30,.767,24,40,64,13,5,4,13,24,97
270,Luke Kennard,kennalu01,SG,22,DET,49,10,1098,178,403,.442,81,207,.391,97,196,.495,.542,35,44,.795,10,134,144,84,20,9,40,70,472
271,Michael Kidd-Gilchrist,kiddgmi01,PF,25,CHO,55,1,1056,147,306,.480,11,40,.275,136,266,.511,.498,92,119,.773,83,139,222,50,27,37,40,140,397
272,George King,kingge03,SF,25,PHO,1,0,6,0,0,,0,0,,0,0,,,0,0,,0,1,1,0,0,0,0,0,0
273,Maxi Kleber,klebima01,PF,27,DAL,59,16,1197,138,306,.451,59,176,.335,79,130,.608,.547,45,58,.776,71,170,241,56,30,69,44,119,380
274,Brandon Knight,knighbr03,PG,27,TOT,25,12,373,49,134,.366,24,76,.316,25,58,.431,.455,18,23,.783,5,25,30,41,12,1,13,31,140
274,Brandon Knight,knighbr03,PG,27,HOU,12,0,118,11,47,.234,5,32,.156,6,15,.400,.287,9,11,.818,1,8,9,9,2,0,5,14,36
274,Brandon Knight,knighbr03,PG,27,CLE,13,12,255,38,87,.437,19,44,.432,19,43,.442,.546,9,12,.750,4,17,21,32,10,1,8,17,104
275,Kevin Knox,knoxke01,PF,19,NYK,61,43,1702,263,727,.362,96,284,.338,167,443,.377,.428,126,170,.741,53,214,267,62,34,17,90,148,748
276,Furkan Korkmaz,korkmfu01,SG,21,PHI,46,6,654,94,234,.402,46,139,.331,48,95,.505,.500,35,42,.833,16,89,105,51,28,2,25,59,269
277,Luke Kornet,kornelu01,PF,23,NYK,34,13,537,73,196,.372,51,135,.378,22,61,.361,.503,28,34,.824,18,66,84,38,22,22,19,31,225
278,Kyle Korver,korveky01,SG-PF,37,TOT,61,0,1169,179,414,.432,119,294,.405,60,120,.500,.576,56,66,.848,7,133,140,63,22,11,54,94,533
278,Kyle Korver,korveky01,PF,37,CLE,16,0,251,35,76,.461,25,54,.463,10,22,.455,.625,13,16,.813,0,29,29,17,3,2,17,22,108
278,Kyle Korver,korveky01,SG,37,UTA,45,0,918,144,338,.426,94,240,.392,50,98,.510,.565,43,50,.860,7,104,111,46,19,9,37,72,425
279,Kosta Koufos,koufoko01,C,29,SAC,32,1,381,53,109,.486,0,0,,53,109,.486,.486,6,17,.353,40,99,139,26,13,13,20,54,112
280,Rodions Kurucs,kurucro01,SF,20,BRK,51,34,1056,174,366,.475,47,140,.336,127,226,.562,.540,65,77,.844,47,146,193,42,34,18,65,117,460
281,Kyle Kuzma,kuzmaky01,PF,23,LAL,61,59,2009,439,941,.467,113,361,.313,326,580,.562,.527,160,212,.755,56,287,343,151,36,22,117,144,1151
282,Skal Labissiere,labissk01,PF,22,TOT,18,0,124,13,30,.433,4,11,.364,9,19,.474,.500,6,13,.462,4,21,25,6,2,4,9,22,36
282,Skal Labissiere,labissk01,PF,22,SAC,13,0,113,13,30,.433,4,11,.364,9,19,.474,.500,6,11,.545,4,20,24,6,2,3,7,21,36
282,Skal Labissiere,labissk01,PF,22,POR,5,0,11,0,0,,0,0,,0,0,,,0,2,.000,0,1,1,0,0,1,2,1,0
283,Jeremy Lamb,lambje01,SG,26,CHO,64,55,1841,348,791,.440,88,263,.335,260,528,.492,.496,182,207,.879,49,307,356,142,66,25,70,121,966
284,Zach LaVine,lavinza01,SG,23,CHI,60,59,2071,509,1088,.468,113,307,.368,396,781,.507,.520,295,354,.833,37,239,276,266,56,25,202,132,1426
285,Jake Layman,laymaja01,SF,24,POR,56,25,1048,179,337,.531,50,146,.342,129,191,.675,.605,32,45,.711,50,131,181,41,25,26,38,88,440
286,T.J. Leaf,leaftj01,PF,21,IND,47,0,410,74,137,.540,6,26,.231,68,111,.613,.562,13,21,.619,29,68,97,18,5,13,10,29,167
287,Courtney Lee,leeco01,SG,33,TOT,23,2,278,32,75,.427,9,31,.290,23,44,.523,.487,13,19,.684,7,26,33,22,13,3,8,23,86
287,Courtney Lee,leeco01,SG,33,NYK,12,2,160,21,47,.447,5,16,.313,16,31,.516,.500,9,14,.643,6,21,27,16,8,2,5,13,56
287,Courtney Lee,leeco01,SG,33,DAL,11,0,118,11,28,.393,4,15,.267,7,13,.538,.464,4,5,.800,1,5,6,6,5,1,3,10,30
288,Damion Lee,leeda03,SG,26,GSW,24,0,279,38,89,.427,19,50,.380,19,39,.487,.534,12,15,.800,7,35,42,5,10,0,9,26,107
289,Alex Len,lenal01,C,25,ATL,65,25,1275,253,519,.487,49,143,.343,204,376,.543,.535,121,182,.665,135,228,363,67,23,59,87,168,676
290,Kawhi Leonard,leonaka01,SF,27,TOR,49,49,1683,464,930,.499,85,240,.354,379,690,.549,.545,312,363,.860,63,297,360,158,90,20,99,70,1325
291,Meyers Leonard,leoname01,C,26,POR,55,1,781,117,217,.539,48,103,.466,69,114,.605,.650,36,44,.818,42,164,206,65,13,9,38,93,318
292,Jon Leuer,leuerjo01,PF,29,DET,36,1,379,64,109,.587,1,10,.100,63,99,.636,.592,23,31,.742,25,69,94,14,12,4,23,57,152
293,Caris LeVert,leverca01,SF,24,BRK,28,21,749,150,350,.429,34,112,.304,116,238,.487,.477,61,85,.718,21,94,115,102,30,11,56,57,395
294,Damian Lillard,lillada01,PG,28,POR,66,66,2338,567,1260,.450,189,513,.368,378,747,.506,.525,395,434,.910,55,244,299,431,74,30,178,127,1718
295,Jeremy Lin,linje01,PG,30,TOT,61,2,1209,209,467,.448,48,160,.300,161,307,.524,.499,157,187,.840,20,122,142,207,43,10,114,119,623
295,Jeremy Lin,linje01,PG,30,ATL,51,1,1003,180,386,.466,44,132,.333,136,254,.535,.523,142,168,.845,16,103,119,181,38,7,98,96,546
295,Jeremy Lin,linje01,PG,30,TOR,10,1,206,29,81,.358,4,28,.143,25,53,.472,.383,15,19,.789,4,19,23,26,5,3,16,23,77
296,Shaun Livingston,livinsh01,PG,33,GSW,53,0,811,89,185,.481,0,2,.000,89,183,.486,.481,38,46,.826,36,62,98,101,28,24,35,61,216
297,Zach Lofton,loftoza01,SG,26,DET,1,0,4,0,1,.000,0,1,.000,0,0,,.000,0,0,,0,0,0,0,1,0,1,0,0
298,Kevon Looney,looneke01,C,22,GSW,65,24,1282,175,284,.616,1,10,.100,174,274,.635,.618,56,93,.602,168,203,371,109,38,49,45,177,407
299,Brook Lopez,lopezbr01,C,30,MIL,68,68,1924,299,659,.454,159,435,.366,140,224,.625,.574,83,96,.865,27,285,312,72,40,150,67,156,840
300,Robin Lopez,lopezro01,C,30,CHI,61,23,1251,230,408,.564,6,23,.261,224,385,.582,.571,66,92,.717,105,118,223,66,10,66,80,114,532
301,Kevin Love,loveke01,PF,30,CLE,14,14,382,71,184,.386,38,96,.396,33,88,.375,.489,81,91,.890,27,132,159,32,4,3,27,38,261
302,Kyle Lowry,lowryky01,PG,32,TOR,56,56,1945,273,655,.417,138,396,.348,135,259,.521,.522,146,175,.834,37,229,266,507,77,29,162,149,830
303,Jordan Loyd,loydjo01,PG,25,TOR,8,0,36,5,11,.455,2,5,.400,3,6,.500,.545,4,5,.800,1,6,7,2,0,0,2,5,16
304,Kalin Lucas,lucaska01,PG,29,DET,1,0,6,0,1,.000,0,1,.000,0,0,,.000,2,2,1.000,0,3,3,1,0,0,0,1,2
305,Timothe Luwawu-Cabarrot,luwawti01,SF-SG,23,TOT,37,3,357,35,113,.310,16,60,.267,19,53,.358,.381,13,19,.684,6,46,52,12,13,3,13,40,99
305,Timothe Luwawu-Cabarrot,luwawti01,SF,23,OKC,21,1,123,13,43,.302,5,22,.227,8,21,.381,.360,4,6,.667,4,14,18,4,4,1,5,14,35
305,Timothe Luwawu-Cabarrot,luwawti01,SG,23,CHI,16,2,234,22,70,.314,11,38,.289,11,32,.344,.393,9,13,.692,2,32,34,8,9,2,8,26,64
306,Tyler Lydon,lydonty01,PF,22,DEN,24,0,90,8,17,.471,4,10,.400,4,7,.571,.588,1,3,.333,6,11,17,5,2,0,4,10,21
307,Trey Lyles,lylestr01,PF,23,DEN,55,1,1024,193,456,.423,46,181,.254,147,275,.535,.474,75,108,.694,41,182,223,77,28,23,61,85,507
308,Shelvin Mack,macksh01,PG,28,TOT,55,3,1228,162,396,.409,46,128,.359,116,268,.433,.467,57,82,.695,18,86,104,183,47,4,63,84,427
308,Shelvin Mack,macksh01,PG,28,MEM,53,3,1204,161,389,.414,46,128,.359,115,261,.441,.473,53,75,.707,18,84,102,182,45,4,62,81,421
308,Shelvin Mack,macksh01,PG,28,CHO,2,0,24,1,7,.143,0,0,,1,7,.143,.143,4,7,.571,0,2,2,1,2,0,1,3,6
309,Daryl Macon,maconda01,SG,23,DAL,4,0,8,2,2,1.000,0,0,,2,2,1.000,1.000,0,0,,0,0,0,0,1,0,1,0,4
310,J.P. Macura,macurjp01,SG,23,CHO,1,0,14,2,8,.250,0,4,.000,2,4,.500,.250,0,0,,0,2,2,2,0,0,0,0,4
311,Ian Mahinmi,mahinia01,C,32,WAS,31,6,445,41,83,.494,1,12,.083,40,71,.563,.500,41,60,.683,39,68,107,24,24,15,20,75,124
312,Thon Maker,makerth01,C-PF,21,TOT,49,0,639,82,199,.412,35,109,.321,47,90,.522,.500,32,57,.561,28,112,140,33,15,33,19,76,231
312,Thon Maker,makerth01,C,21,MIL,35,0,409,59,134,.440,26,78,.333,33,56,.589,.537,20,37,.541,17,79,96,18,10,18,9,55,164
312,Thon Maker,makerth01,PF,21,DET,14,0,230,23,65,.354,9,31,.290,14,34,.412,.423,12,20,.600,11,33,44,15,5,15,10,21,67
313,Boban Marjanovic,marjabo01,C,30,TOT,44,11,509,116,183,.634,0,3,.000,116,180,.644,.634,84,113,.743,69,132,201,34,13,24,50,71,316
313,Boban Marjanovic,marjabo01,C,30,LAC,36,9,376,85,140,.607,0,2,.000,85,138,.616,.607,72,95,.758,55,97,152,22,11,17,37,57,242
313,Boban Marjanovic,marjabo01,C,30,PHI,8,2,133,31,43,.721,0,1,.000,31,42,.738,.721,12,18,.667,14,35,49,12,2,7,13,14,74
314,Lauri Markkanen,markkla01,PF,21,CHI,46,45,1520,308,713,.432,109,304,.359,199,409,.487,.508,151,172,.878,62,356,418,65,35,27,73,110,876
315,Jarell Martin,martija01,PF,24,ORL,34,1,273,38,87,.437,17,42,.405,21,45,.467,.534,7,9,.778,8,50,58,15,2,8,11,36,100
316,Frank Mason,masonfr01,PG,24,SAC,34,0,395,59,142,.415,11,50,.220,48,92,.522,.454,36,53,.679,4,34,38,82,16,4,30,29,165
317,Wesley Matthews,matthwe02,SF-SG,32,TOT,58,57,1768,243,600,.405,131,350,.374,112,250,.448,.514,123,151,.815,23,115,138,130,46,14,76,138,740
317,Wesley Matthews,matthwe02,SF,32,DAL,44,44,1312,194,469,.414,100,263,.380,94,206,.456,.520,87,110,.791,20,82,102,100,33,12,58,102,575
317,Wesley Matthews,matthwe02,SG,32,NYK,2,1,54,4,19,.211,2,10,.200,2,9,.222,.263,4,5,.800,1,2,3,5,1,1,2,2,14
317,Wesley Matthews,matthwe02,SG,32,IND,12,12,402,45,112,.402,29,77,.377,16,35,.457,.531,32,36,.889,2,31,33,25,12,1,16,34,151
318,Luc Mbah a Moute,mbahalu01,PF,32,LAC,4,0,61,8,18,.444,2,6,.333,6,12,.500,.500,2,5,.400,2,5,7,2,1,1,2,8,20
319,Tahjere McCall,mccalta01,SG,24,BRK,1,0,8,2,3,.667,0,1,.000,2,2,1.000,.667,0,1,.000,0,1,1,0,0,0,0,2,4
320,Patrick McCaw,mccawpa01,SG,23,TOT,22,1,289,20,51,.392,7,24,.292,13,27,.481,.461,10,11,.909,7,32,39,23,18,1,12,28,57
320,Patrick McCaw,mccawpa01,SG,23,CLE,3,0,53,2,9,.222,1,4,.250,1,5,.200,.278,0,0,,0,3,3,2,2,0,3,1,5
320,Patrick McCaw,mccawpa01,SG,23,TOR,19,1,236,18,42,.429,6,20,.300,12,22,.545,.500,10,11,.909,7,29,36,21,16,1,9,27,52
321,CJ McCollum,mccolcj01,SG,27,POR,66,66,2261,548,1184,.463,162,427,.379,386,757,.510,.531,157,187,.840,59,208,267,189,54,26,104,166,1415
322,T.J. McConnell,mccontj01,PG,26,PHI,62,1,1241,183,340,.538,12,37,.324,171,303,.564,.556,27,34,.794,24,116,140,230,74,14,78,94,405
323,Doug McDermott,mcderdo01,SF,27,IND,63,0,1067,152,317,.479,69,172,.401,83,145,.572,.588,59,70,.843,13,75,88,54,15,7,34,84,432
324,JaVale McGee,mcgeeja01,C,31,LAL,60,47,1269,292,476,.613,1,8,.125,291,468,.622,.614,77,117,.658,137,260,397,38,35,112,82,149,662
325,Rodney McGruder,mcgruro01,SG,27,MIA,61,45,1493,183,447,.409,79,221,.357,104,226,.460,.498,52,70,.743,54,170,224,110,35,11,63,112,497
326,Alfonzo McKinnie,mckinal01,SF,26,GSW,57,4,787,109,224,.487,32,92,.348,77,132,.583,.558,18,34,.529,69,125,194,24,13,11,25,107,268
327,Ben McLemore,mclembe01,SG,25,SAC,19,0,158,25,64,.391,17,41,.415,8,23,.348,.523,8,12,.667,3,14,17,4,6,3,5,22,75
328,Jordan McRae,mcraejo01,SG,27,WAS,19,0,172,33,66,.500,8,15,.533,25,51,.490,.561,7,12,.583,4,17,21,11,6,5,9,12,81
329,Jodie Meeks,meeksjo01,SG,31,TOR,2,0,24,6,13,.462,3,8,.375,3,5,.600,.577,0,0,,0,4,4,1,0,0,0,2,15
330,Salah Mejri,mejrisa01,C,32,DAL,25,4,217,21,48,.438,2,8,.250,19,40,.475,.458,10,13,.769,21,43,64,17,6,10,9,27,54
331,De'Anthony Melton,meltode01,PG,20,PHO,39,25,742,78,209,.373,26,83,.313,52,126,.413,.435,15,18,.833,19,79,98,124,53,18,56,90,197
332,Chimezie Metu,metuch01,PF,21,SAS,28,0,140,17,54,.315,0,2,.000,17,52,.327,.315,13,17,.765,9,25,34,13,6,2,15,13,47
333,Khris Middleton,middlkh01,SF,27,MIL,65,65,2027,398,928,.429,148,393,.377,250,535,.467,.509,192,228,.842,38,349,387,278,67,5,147,146,1136
334,C.J. Miles,milescj01,SF,31,TOT,52,1,846,112,307,.365,67,201,.333,45,106,.425,.474,48,58,.828,13,81,94,36,25,15,30,79,339
334,C.J. Miles,milescj01,SF,31,TOR,40,1,562,70,206,.340,43,137,.314,27,69,.391,.444,35,44,.795,12,56,68,22,18,10,21,62,218
334,C.J. Miles,milescj01,SF,31,MEM,12,0,284,42,101,.416,24,64,.375,18,37,.486,.535,13,14,.929,1,25,26,14,7,5,9,17,121
335,Darius Miller,milleda01,SF,28,NOP,62,15,1577,167,426,.392,122,328,.372,45,98,.459,.535,51,62,.823,11,100,111,123,37,22,47,150,507
336,Malcolm Miller,millema01,SF,25,TOR,4,0,16,5,10,.500,5,8,.625,0,2,.000,.750,0,0,,0,1,1,1,0,0,0,0,15
337,Patty Mills,millspa02,PG,30,SAS,68,1,1603,234,546,.429,128,323,.396,106,223,.475,.546,77,91,.846,22,135,157,201,43,9,80,114,673
338,Paul Millsap,millspa01,PF,33,DEN,55,50,1457,255,520,.490,45,123,.366,210,397,.529,.534,141,198,.712,119,267,386,102,73,48,73,143,696
339,Shake Milton,miltosh01,SG,22,PHI,13,0,126,20,46,.435,10,25,.400,10,21,.476,.543,4,5,.800,7,13,20,13,4,3,3,14,54
340,Nikola Mirotic,mirotni01,PF,27,TOT,43,23,1168,226,512,.441,111,300,.370,115,212,.542,.550,101,119,.849,54,269,323,51,28,32,44,104,664
340,Nikola Mirotic,mirotni01,PF,27,NOP,32,22,925,182,407,.447,85,231,.368,97,176,.551,.552,85,101,.842,46,218,264,35,21,25,37,86,534
340,Nikola Mirotic,mirotni01,PF,27,MIL,11,1,243,44,105,.419,26,69,.377,18,36,.500,.543,16,18,.889,8,51,59,16,7,7,7,18,130
341,Donovan Mitchell,mitchdo01,SG,22,UTA,63,63,2132,539,1268,.425,148,434,.341,391,834,.469,.483,258,324,.796,48,208,256,259,91,26,185,171,1484
342,Naz Mitrou-Long,mitrona01,SG,25,UTA,10,0,39,2,8,.250,1,6,.167,1,2,.500,.313,0,0,,0,2,2,4,0,0,3,5,5
343,Malik Monk,monkma01,SG,20,CHO,60,0,1057,199,515,.386,92,283,.325,107,232,.461,.476,84,94,.894,13,91,104,103,30,15,75,83,574
344,Greg Monroe,monrogr01,C,28,TOR,38,2,423,74,161,.460,0,4,.000,74,157,.471,.460,35,61,.574,60,96,156,16,13,8,31,61,183
345,E'Twaun Moore,mooreet01,SF,29,NOP,53,36,1463,256,532,.481,76,176,.432,180,356,.506,.553,45,59,.763,35,92,127,102,40,8,59,112,633
346,Eric Moreland,moreler01,PF,27,PHO,1,0,5,0,0,,0,0,,0,0,,,0,0,,0,3,3,0,0,0,0,1,0
347,Jaylen Morris,morrija01,SG,23,MIL,4,0,29,4,10,.400,1,3,.333,3,7,.429,.450,1,2,.500,0,5,5,4,2,0,1,1,10
348,Marcus Morris,morrima03,PF,29,BOS,63,46,1729,326,706,.462,125,330,.379,201,376,.535,.550,115,138,.833,58,316,374,89,34,18,77,153,892
349,Markieff Morris,morrima02,PF,29,TOT,44,16,1054,169,395,.428,56,167,.335,113,228,.496,.499,66,85,.776,47,169,216,68,28,22,49,142,460
349,Markieff Morris,morrima02,PF,29,WAS,34,15,883,143,328,.436,48,144,.333,95,184,.516,.509,57,73,.781,41,133,174,60,25,20,47,117,391
349,Markieff Morris,morrima02,PF,29,OKC,10,1,171,26,67,.388,8,23,.348,18,44,.409,.448,9,12,.750,6,36,42,8,3,2,2,25,69
350,Monte Morris,morrimo01,PG,23,DEN,66,5,1603,281,572,.491,77,181,.425,204,391,.522,.559,50,63,.794,27,144,171,252,60,3,43,82,689
351,Johnathan Motley,motlejo01,PF,23,LAC,17,0,134,31,63,.492,0,3,.000,31,60,.517,.492,22,34,.647,15,25,40,8,4,2,14,22,84
352,Emmanuel Mudiay,mudiaem01,PG,22,NYK,49,32,1278,268,593,.452,54,163,.331,214,430,.498,.497,107,142,.754,28,126,154,180,39,16,112,84,697
353,Jamal Murray,murraja01,PG,21,DEN,60,59,1977,413,955,.432,128,335,.382,285,620,.460,.499,151,179,.844,53,197,250,292,50,20,136,129,1105
354,Dzanan Musa,musadz01,SG,19,BRK,8,0,34,8,20,.400,0,9,.000,8,11,.727,.400,0,2,.000,1,3,4,1,2,0,4,1,16
355,Mike Muscala,muscami01,PF,27,TOT,55,6,1115,116,301,.385,73,217,.336,43,84,.512,.507,66,81,.815,52,154,206,66,18,32,43,120,371
355,Mike Muscala,muscami01,PF,27,PHI,47,6,1041,109,278,.392,68,199,.342,41,79,.519,.514,63,77,.818,51,149,200,62,18,27,43,112,349
355,Mike Muscala,muscami01,PF,27,LAL,8,0,74,7,23,.304,5,18,.278,2,5,.400,.413,3,4,.750,1,5,6,4,0,5,0,8,22
356,Sviatoslav Mykhailiuk,mykhasv01,SF-SG,21,TOT,42,0,440,46,140,.329,29,89,.326,17,51,.333,.432,12,20,.600,9,27,36,37,14,1,21,25,133
356,Sviatoslav Mykhailiuk,mykhasv01,SF,21,LAL,39,0,420,44,132,.333,27,85,.318,17,47,.362,.436,12,20,.600,8,26,34,33,13,1,20,25,127
356,Sviatoslav Mykhailiuk,mykhasv01,SG,21,DET,3,0,20,2,8,.250,2,4,.500,0,4,.000,.375,0,0,,1,1,2,4,1,0,1,0,6
357,Abdel Nader,naderab01,SF,25,OKC,49,1,558,73,165,.442,25,70,.357,48,95,.505,.518,23,29,.793,10,82,92,16,16,9,19,57,194
358,Larry Nance,nancela02,C,26,CLE,56,24,1464,201,386,.521,25,71,.352,176,315,.559,.553,81,116,.698,140,303,443,168,78,34,79,160,508
359,Shabazz Napier,napiesh01,PG,27,BRK,54,2,942,161,414,.389,70,213,.329,91,201,.453,.473,115,138,.833,14,80,94,137,41,16,65,64,507
360,Raul Neto,netora01,PG,26,UTA,26,1,312,47,99,.475,12,38,.316,35,61,.574,.535,17,20,.850,3,37,40,62,10,1,22,29,123
361,Georges Niang,niangge01,PF,25,UTA,45,0,316,46,106,.434,29,71,.408,17,35,.486,.571,10,13,.769,7,49,56,22,7,3,13,37,131
362,Joakim Noah,noahjo01,C,33,MEM,39,1,641,101,197,.513,0,1,.000,101,196,.515,.513,67,95,.705,54,163,217,85,19,30,45,84,269
363,Nerlens Noel,noelne01,C,24,OKC,64,2,912,139,245,.567,0,0,,139,245,.567,.567,47,64,.734,108,180,288,38,61,83,37,144,325
364,Dirk Nowitzki,nowitdi01,PF,40,DAL,36,6,476,72,210,.343,37,128,.289,35,82,.427,.431,25,33,.758,1,84,85,20,5,10,10,51,206
365,Frank Ntilikina,ntilila01,PG,20,NYK,41,16,872,94,275,.342,32,110,.291,62,165,.376,.400,21,28,.750,10,72,82,116,30,14,54,100,241
366,James Nunnally,nunnaja01,SF,28,TOT,15,0,102,12,34,.353,8,25,.320,4,9,.444,.471,4,4,1.000,0,5,5,7,1,0,1,10,36
366,James Nunnally,nunnaja01,SF,28,MIN,13,0,64,9,21,.429,5,13,.385,4,8,.500,.548,4,4,1.000,0,4,4,5,1,0,1,4,27
366,James Nunnally,nunnaja01,SF,28,HOU,2,0,38,3,13,.231,3,12,.250,0,1,.000,.346,0,0,,0,1,1,2,0,0,0,6,9
367,Jusuf Nurkic,nurkiju01,C,24,POR,66,66,1800,374,738,.507,3,28,.107,371,710,.523,.509,261,339,.770,223,454,677,214,66,95,150,228,1012
368,David Nwaba,nwabada01,SG,26,CLE,37,12,703,93,193,.482,22,63,.349,71,130,.546,.539,45,69,.652,31,84,115,41,27,11,20,77,253
369,Royce O'Neale,onealro01,SF,25,UTA,67,12,1315,134,280,.479,55,137,.401,79,143,.552,.577,28,38,.737,20,212,232,95,46,22,57,136,351
370,Kyle O'Quinn,oquinky01,C,28,IND,40,2,339,60,119,.504,1,11,.091,59,108,.546,.508,15,19,.789,27,82,109,47,8,21,28,63,136
371,Semi Ojeleye,ojelese01,PF,24,BOS,46,2,493,53,125,.424,22,72,.306,31,53,.585,.512,18,28,.643,21,52,73,18,9,4,17,36,146
372,Jahlil Okafor,okafoja01,C,23,NOP,47,16,683,151,260,.581,0,2,.000,151,258,.585,.581,45,65,.692,67,140,207,28,12,28,35,76,347
373,Elie Okobo,okoboel01,PG,21,PHO,44,11,782,90,238,.378,29,106,.274,61,132,.462,.439,31,40,.775,8,73,81,109,25,5,56,94,240
374,Josh Okogie,okogijo01,SG,20,MIN,60,38,1366,147,403,.365,47,175,.269,100,228,.439,.423,90,123,.732,36,141,177,69,64,26,57,138,431
375,Victor Oladipo,oladivi01,SG,26,IND,36,36,1147,249,588,.423,74,216,.343,175,372,.470,.486,103,141,.730,21,181,202,186,60,11,82,72,675
376,Kelly Olynyk,olynyke01,PF,27,MIA,64,21,1406,217,460,.472,95,261,.364,122,199,.613,.575,121,148,.818,59,233,292,115,45,27,93,153,650
377,Cedi Osman,osmande01,SF,23,CLE,62,61,1971,292,685,.426,106,303,.350,186,382,.487,.504,115,147,.782,36,263,299,159,48,11,101,155,805
378,Kelly Oubre,oubreke01,SF,23,TOT,67,17,1856,355,803,.442,103,325,.317,252,478,.527,.506,180,234,.769,68,247,315,80,77,57,96,175,993
378,Kelly Oubre,oubreke01,SF,23,WAS,29,7,755,132,305,.433,41,132,.311,91,173,.526,.500,68,85,.800,24,105,129,20,27,20,30,71,373
378,Kelly Oubre,oubreke01,SF,23,PHO,38,10,1101,223,498,.448,62,193,.321,161,305,.528,.510,112,149,.752,44,142,186,60,50,37,66,104,620
379,Zaza Pachulia,pachuza01,C,34,DET,54,3,747,71,167,.425,0,4,.000,71,163,.436,.425,80,104,.769,90,145,235,74,29,16,44,119,222
380,Jabari Parker,parkeja01,PF,23,TOT,53,17,1408,301,608,.495,52,157,.331,249,451,.552,.538,97,138,.703,59,279,338,128,36,22,127,117,751
380,Jabari Parker,parkeja01,PF,23,CHI,39,17,1042,220,464,.474,37,114,.325,183,350,.523,.514,79,108,.731,41,200,241,84,23,14,84,87,556
380,Jabari Parker,parkeja01,PF,23,WAS,14,0,366,81,144,.563,15,43,.349,66,101,.653,.615,18,30,.600,18,79,97,44,13,8,43,30,195
381,Tony Parker,parketo01,PG,36,CHO,54,0,971,202,446,.453,10,46,.217,192,400,.480,.464,89,122,.730,14,65,79,204,20,7,71,53,503
382,Chandler Parsons,parsoch01,SF,30,MEM,13,3,212,19,66,.288,9,39,.231,10,27,.370,.356,3,4,.750,2,25,27,15,9,2,12,23,50
383,Patrick Patterson,pattepa01,PF,29,OKC,59,5,848,82,217,.378,46,136,.338,36,81,.444,.484,19,30,.633,41,103,144,31,16,13,21,44,229
384,Justin Patton,pattoju01,C,21,PHI,3,0,21,2,7,.286,0,2,.000,2,5,.400,.286,1,2,.500,2,4,6,3,2,0,0,5,5
385,Chris Paul,paulch01,PG,33,HOU,45,45,1466,227,547,.415,93,268,.347,134,279,.480,.500,148,173,.855,28,178,206,366,87,15,129,120,695
386,Cameron Payne,payneca01,PG,24,TOT,40,13,712,96,223,.430,25,84,.298,71,139,.511,.487,33,41,.805,13,59,72,106,28,9,45,64,250
386,Cameron Payne,payneca01,PG,24,CHI,31,12,536,69,168,.411,16,59,.271,53,109,.486,.458,22,25,.880,10,43,53,83,20,6,34,49,176
386,Cameron Payne,payneca01,PG,24,CLE,9,1,176,27,55,.491,9,25,.360,18,30,.600,.573,11,16,.688,3,16,19,23,8,3,11,15,74
387,Elfrid Payton,paytoel01,PG,24,NOP,30,30,860,127,286,.444,22,64,.344,105,222,.473,.483,30,43,.698,33,115,148,203,32,12,77,61,306
388,Gary Payton,paytoga02,PG,26,WAS,3,0,16,5,8,.625,1,2,.500,4,6,.667,.688,0,0,,1,1,2,4,3,1,1,2,11
389,Theo Pinson,pinsoth01,SG,23,BRK,14,0,175,19,57,.333,9,34,.265,10,23,.435,.412,15,16,.938,2,29,31,18,5,0,14,11,62
390,Mason Plumlee,plumlma01,C,28,DEN,66,16,1354,221,362,.610,2,7,.286,219,355,.617,.613,92,167,.551,139,269,408,185,55,59,104,210,536
391,Miles Plumlee,plumlmi01,C,30,ATL,18,0,173,32,48,.667,0,0,,32,48,.667,.667,16,30,.533,16,23,39,17,6,4,10,14,80
392,Jakob Poeltl,poeltja01,C,23,SAS,63,13,996,148,231,.641,0,0,,148,231,.641,.641,42,76,.553,140,183,323,80,20,46,44,104,338
393,Quincy Pondexter,pondequ01,SF,30,SAS,46,0,262,26,53,.491,6,18,.333,20,35,.571,.547,30,38,.789,8,35,43,23,9,1,10,22,88
394,Otto Porter,porteot01,SF,25,TOT,54,41,1630,290,623,.465,100,247,.405,190,376,.505,.546,77,95,.811,54,256,310,119,81,31,63,105,757
394,Otto Porter,porteot01,SF,25,WAS,41,28,1191,202,442,.457,65,176,.369,137,266,.515,.531,49,64,.766,40,191,231,80,64,22,40,79,518
394,Otto Porter,porteot01,SF,25,CHI,13,13,439,88,181,.486,35,71,.493,53,110,.482,.583,28,31,.903,14,65,79,39,17,9,23,26,239
395,Bobby Portis,portibo01,PF,23,TOT,36,15,912,209,456,.458,52,129,.403,157,327,.480,.515,57,74,.770,76,213,289,47,24,13,56,112,527
395,Bobby Portis,portibo01,PF,23,CHI,22,6,531,122,271,.450,27,72,.375,95,199,.477,.500,39,50,.780,46,115,161,29,11,8,29,61,310
395,Bobby Portis,portibo01,PF,23,WAS,14,9,381,87,185,.470,25,57,.439,62,128,.484,.538,18,24,.750,30,98,128,18,13,5,27,51,217
396,Dwight Powell,poweldw01,C,27,DAL,63,8,1254,225,381,.591,31,102,.304,194,279,.695,.631,148,195,.759,100,202,302,83,35,35,52,157,629
397,Norman Powell,powelno01,SG,25,TOR,46,3,854,140,301,.465,45,128,.352,95,173,.549,.540,49,59,.831,13,77,90,70,27,9,50,77,374
398,Alex Poythress,poythal01,PF,25,ATL,21,1,305,40,81,.494,9,23,.391,31,58,.534,.549,18,29,.621,29,47,76,17,4,10,13,47,107
399,Zhou Qi,qizh01,PF,23,HOU,1,0,1,1,1,1.000,0,0,,1,1,1.000,1.000,0,0,,0,0,0,0,0,0,0,0,2
400,Ivan Rabb,rabbiv01,PF,21,MEM,37,9,472,83,139,.597,2,10,.200,81,129,.628,.604,32,45,.711,51,94,145,36,9,9,25,56,200
401,Chasson Randle,randlch01,PG,25,WAS,35,2,537,72,158,.456,35,82,.427,37,76,.487,.566,28,42,.667,8,35,43,68,19,1,35,72,207
402,Julius Randle,randlju01,C,24,NOP,63,39,1916,473,900,.526,54,158,.342,419,742,.565,.556,308,416,.740,131,416,547,193,44,40,165,215,1308
403,J.J. Redick,redicjj01,SG,34,PHI,64,51,2006,373,861,.433,193,500,.386,180,361,.499,.545,187,208,.899,17,136,153,172,27,14,86,108,1126
404,Davon Reed,reedda01,SG,23,IND,8,0,22,2,4,.500,1,1,1.000,1,3,.333,.625,0,0,,1,1,2,2,0,0,1,1,5
405,Cameron Reynolds,reynoca01,SG,23,MIN,5,0,71,8,20,.400,6,14,.429,2,6,.333,.550,2,2,1.000,1,4,5,3,3,1,1,3,24
406,Josh Richardson,richajo01,SG,25,MIA,65,65,2256,390,927,.421,152,412,.369,238,515,.462,.503,183,214,.855,49,186,235,263,68,31,107,181,1115
407,Malachi Richardson,richama01,SG,23,TOR,22,0,103,9,29,.310,8,25,.320,1,4,.250,.448,4,5,.800,2,11,13,0,1,0,8,13,30
408,Austin Rivers,riverau01,PG-SG,26,TOT,64,15,1758,203,495,.410,92,283,.325,111,212,.524,.503,45,84,.536,23,123,146,146,40,21,63,184,543
408,Austin Rivers,riverau01,SG,26,WAS,29,2,683,76,194,.392,33,106,.311,43,88,.489,.477,25,46,.543,11,60,71,58,18,10,36,72,210
408,Austin Rivers,riverau01,PG,26,HOU,35,13,1075,127,301,.422,59,177,.333,68,124,.548,.520,20,38,.526,12,63,75,88,22,11,27,112,333
409,Devin Robinson,robinde01,SF,23,WAS,4,0,32,8,13,.615,0,0,,8,13,.615,.615,3,6,.500,2,5,7,2,3,1,0,2,19
410,Duncan Robinson,robindu01,PF,24,MIA,9,1,77,8,20,.400,6,17,.353,2,3,.667,.550,1,2,.500,0,10,10,1,2,0,1,4,23
411,Glenn Robinson,robingl02,SF,25,DET,40,18,515,61,150,.407,14,52,.269,47,98,.480,.453,29,35,.829,13,41,54,16,12,7,18,38,165
412,Jerome Robinson,robinje01,SG,21,LAC,25,0,228,30,81,.370,14,42,.333,16,39,.410,.457,4,6,.667,3,25,28,9,7,2,4,36,78
413,Mitchell Robinson,robinmi01,C,20,NYK,52,12,985,149,213,.700,0,0,,149,213,.700,.700,55,94,.585,133,150,283,28,39,126,28,168,353
414,Rajon Rondo,rondora01,PG,32,LAL,33,16,945,124,294,.422,34,94,.362,90,200,.450,.480,15,24,.625,26,146,172,256,34,5,89,78,297
415,Derrick Rose,rosede01,PG,30,MIN,51,13,1392,363,753,.482,54,146,.370,309,607,.509,.518,137,160,.856,33,107,140,220,31,12,82,57,917
416,Terrence Ross,rosste01,SG,27,ORL,68,0,1794,366,866,.423,168,455,.369,198,411,.482,.520,95,109,.872,23,211,234,106,57,26,72,106,995
417,Terry Rozier,roziete01,PG,24,BOS,66,11,1520,219,563,.389,102,286,.357,117,277,.422,.480,65,81,.802,28,239,267,201,62,19,57,88,605
418,Ricky Rubio,rubiori01,PG,28,UTA,57,56,1635,253,632,.400,74,232,.319,179,400,.448,.459,146,174,.839,28,180,208,343,77,10,158,153,726
419,D'Angelo Russell,russeda01,PG,22,BRK,69,69,2069,535,1242,.431,187,518,.361,348,724,.481,.506,136,169,.805,38,213,251,468,81,19,204,117,1393
420,Domantas Sabonis,sabondo01,C,22,IND,61,5,1505,338,565,.598,8,15,.533,330,550,.600,.605,176,245,.718,153,408,561,170,44,26,134,199,860
421,Brandon Sampson,sampsbr01,SG,21,CHI,5,0,30,5,8,.625,2,5,.400,3,3,1.000,.750,0,0,,0,4,4,1,0,0,0,3,12
422,Dario Saric,saricda01,PF,24,TOT,67,27,1647,240,555,.432,97,263,.369,143,292,.490,.520,97,113,.858,104,278,382,104,39,7,82,149,674
422,Dario Saric,saricda01,PF,24,PHI,13,13,396,48,132,.364,21,70,.300,27,62,.435,.443,27,30,.900,21,65,86,26,4,3,25,39,144
422,Dario Saric,saricda01,PF,24,MIN,54,14,1251,192,423,.454,76,193,.394,116,230,.504,.544,70,83,.843,83,213,296,78,35,4,57,110,530
423,Tomas Satoransky,satorto01,SG,27,WAS,66,40,1724,208,423,.492,54,131,.412,154,292,.527,.556,92,114,.807,66,159,225,312,66,12,95,146,562
424,Dennis Schroder,schrode01,PG,25,OKC,65,12,1870,378,921,.410,96,289,.332,282,632,.446,.463,155,190,.816,31,199,230,270,56,10,146,153,1007
425,Mike Scott,scottmi01,PF,30,TOT,66,0,1083,133,337,.395,79,200,.395,54,137,.394,.512,19,29,.655,33,186,219,58,24,11,40,123,364
425,Mike Scott,scottmi01,PF,30,LAC,52,0,748,92,230,.400,52,133,.391,40,97,.412,.513,12,18,.667,24,150,174,44,17,8,27,88,248
425,Mike Scott,scottmi01,PF,30,PHI,14,0,335,41,107,.383,27,67,.403,14,40,.350,.509,7,11,.636,9,36,45,14,7,3,13,35,116
426,Thabo Sefolosha,sefolth01,SF,34,UTA,37,0,381,42,88,.477,23,49,.469,19,39,.487,.608,10,16,.625,6,81,87,13,27,4,17,28,117
427,Wayne Selden,seldewa01,SG,24,TOT,62,5,1124,148,357,.415,46,136,.338,102,221,.462,.479,55,73,.753,27,92,119,84,25,12,58,105,397
427,Wayne Selden,seldewa01,SG,24,MEM,32,0,455,65,161,.404,20,63,.317,45,98,.459,.466,22,29,.759,16,28,44,36,10,6,23,48,172
427,Wayne Selden,seldewa01,SG,24,CHI,30,5,669,83,196,.423,26,73,.356,57,123,.463,.490,33,44,.750,11,64,75,48,15,6,35,57,225
428,Collin Sexton,sextoco01,PG,20,CLE,68,58,2093,400,967,.414,84,210,.400,316,757,.417,.457,176,211,.834,49,154,203,197,36,5,150,159,1060
429,Landry Shamet,shamela01,SG-PG,21,TOT,67,15,1479,202,458,.441,137,326,.420,65,132,.492,.591,65,78,.833,16,88,104,83,33,9,36,132,606
429,Landry Shamet,shamela01,SG,21,PHI,54,4,1108,153,347,.441,99,245,.404,54,102,.529,.584,44,54,.815,14,64,78,59,24,8,26,106,449
429,Landry Shamet,shamela01,PG,21,LAC,13,11,371,49,111,.441,38,81,.469,11,30,.367,.613,21,24,.875,2,24,26,24,9,1,10,26,157
430,Iman Shumpert,shumpim01,SG,28,TOT,51,40,1244,145,391,.371,83,235,.353,62,156,.397,.477,34,41,.829,22,126,148,100,52,22,42,109,407
430,Iman Shumpert,shumpim01,SG,28,SAC,42,40,1099,133,348,.382,74,202,.366,59,146,.404,.489,34,41,.829,19,110,129,91,47,20,38,92,374
430,Iman Shumpert,shumpim01,SG,28,HOU,9,0,145,12,43,.279,9,33,.273,3,10,.300,.384,0,0,,3,16,19,9,5,2,4,17,33
431,Pascal Siakam,siakapa01,PF,24,TOR,67,66,2132,422,769,.549,62,171,.363,360,598,.602,.589,195,252,.774,105,361,466,199,63,45,120,200,1101
432,Jordan Sibert,siberjo01,SG,26,ATL,1,0,4,1,1,1.000,1,1,1.000,0,0,,1.500,0,0,,0,0,0,0,0,0,0,0,3
433,Ben Simmons,simmobe01,PG,22,PHI,67,67,2299,461,819,.563,0,4,.000,461,815,.566,.563,223,370,.603,149,465,614,527,92,48,243,172,1145
434,Jonathon Simmons,simmojo02,SG-SF,29,TOT,52,9,991,118,323,.365,23,95,.242,95,228,.417,.401,65,87,.747,25,90,115,112,26,14,64,87,324
434,Jonathon Simmons,simmojo02,SG,29,ORL,41,9,845,104,286,.364,19,83,.229,85,203,.419,.397,56,72,.778,23,77,100,95,18,14,56,68,283
434,Jonathon Simmons,simmojo02,SF,29,PHI,11,0,146,14,37,.378,4,12,.333,10,25,.400,.432,9,15,.600,2,13,15,17,8,0,8,19,41
435,Kobi Simmons,simmoko01,PG,21,CLE,1,0,2,0,0,,0,0,,0,0,,,0,0,,0,0,0,0,0,0,0,0,0
436,Anfernee Simons,simonan01,SG,19,POR,13,0,69,9,30,.300,1,12,.083,8,18,.444,.317,1,4,.250,0,7,7,4,0,0,8,6,20
437,Marcus Smart,smartma01,SG,24,BOS,67,47,1838,192,458,.419,107,289,.370,85,169,.503,.536,89,112,.795,48,149,197,269,118,25,100,166,580
438,Dennis Smith,smithde03,PG,21,TOT,49,49,1409,254,590,.431,61,187,.326,193,403,.479,.482,94,148,.635,29,114,143,240,64,20,141,126,663
438,Dennis Smith,smithde03,PG,21,DAL,32,32,908,157,357,.440,43,125,.344,114,232,.491,.500,57,82,.695,18,79,97,138,40,11,100,82,414
438,Dennis Smith,smithde03,PG,21,NYK,17,17,501,97,233,.416,18,62,.290,79,171,.462,.455,37,66,.561,11,35,46,102,24,9,41,44,249
439,Ish Smith,smithis01,PG,30,DET,41,0,912,142,342,.415,36,106,.340,106,236,.449,.468,32,43,.744,11,88,99,140,19,10,48,82,352
440,J.R. Smith,smithjr01,SG,33,CLE,11,4,222,27,79,.342,12,39,.308,15,40,.375,.418,8,10,.800,0,18,18,21,11,3,11,19,74
441,Jason Smith,smithja02,C-PF,32,TOT,19,1,176,19,54,.352,7,22,.318,12,32,.375,.417,12,14,.857,15,36,51,13,3,7,12,27,57
441,Jason Smith,smithja02,C,32,WAS,12,1,130,15,37,.405,4,10,.400,11,27,.407,.459,10,12,.833,11,26,37,12,1,5,7,21,44
441,Jason Smith,smithja02,PF,32,MIL,6,0,40,4,13,.308,3,9,.333,1,4,.250,.423,2,2,1.000,3,8,11,1,2,2,5,6,13
441,Jason Smith,smithja02,PF,32,NOP,1,0,6,0,4,.000,0,3,.000,0,1,.000,.000,0,0,,1,2,3,0,0,0,0,0,0
442,Tony Snell,snellto01,SG,27,MIL,68,8,1201,153,335,.457,75,188,.399,78,147,.531,.569,33,38,.868,26,109,135,62,24,15,21,75,414
443,Ray Spalding,spaldra01,PF,21,TOT,2,0,5,0,1,.000,0,0,,0,1,.000,.000,0,0,,0,1,1,0,0,0,0,0,0
443,Ray Spalding,spaldra01,PF,21,DAL,1,0,1,0,0,,0,0,,0,0,,,0,0,,0,0,0,0,0,0,0,0,0
443,Ray Spalding,spaldra01,PF,21,PHO,1,0,4,0,1,.000,0,0,,0,1,.000,.000,0,0,,0,1,1,0,0,0,0,0,0
444,Omari Spellman,spellom01,PF,21,ATL,46,11,805,98,244,.402,44,128,.344,54,116,.466,.492,32,45,.711,72,122,194,47,26,25,31,67,272
445,Nik Stauskas,stausni01,SG,25,TOT,55,0,832,112,279,.401,55,157,.350,57,122,.467,.500,47,51,.922,15,90,105,73,17,5,45,44,326
445,Nik Stauskas,stausni01,SG,25,POR,44,0,673,96,229,.419,43,125,.344,53,104,.510,.513,32,36,.889,10,70,80,62,14,4,40,31,267
445,Nik Stauskas,stausni01,SG,25,CLE,11,0,159,16,50,.320,12,32,.375,4,18,.222,.440,15,15,1.000,5,20,25,11,3,1,5,13,59
446,D.J. Stephens,stephdj01,SG,28,MEM,1,0,7,1,2,.500,0,0,,1,2,.500,.500,0,0,,0,0,0,0,1,0,1,0,2
447,Lance Stephenson,stephla01,SG,28,LAL,61,0,952,165,379,.435,64,169,.379,101,210,.481,.520,44,65,.677,27,149,176,120,36,6,75,99,438
448,Edmond Sumner,sumneed01,PG,23,IND,19,2,170,16,49,.327,4,20,.200,12,29,.414,.367,5,12,.417,7,12,19,8,9,5,8,21,41
449,Caleb Swanigan,swanica01,PF,21,POR,18,0,145,14,44,.318,1,5,.200,13,39,.333,.330,6,7,.857,13,39,52,7,4,0,16,22,35
450,Jayson Tatum,tatumja01,SF,20,BOS,67,67,2086,400,885,.452,99,269,.368,301,616,.489,.508,180,207,.870,62,351,413,126,75,52,104,146,1079
451,Jeff Teague,teaguje01,PG,30,MIN,42,41,1264,176,416,.423,35,105,.333,141,311,.453,.465,123,153,.804,16,90,106,343,43,18,97,90,510
452,Garrett Temple,templga01,SG,32,TOT,62,51,1768,182,432,.421,78,233,.335,104,199,.523,.512,66,90,.733,21,159,180,86,56,29,59,173,508
452,Garrett Temple,templga01,SG,32,MEM,49,49,1530,166,387,.429,74,210,.352,92,177,.520,.525,57,76,.750,18,134,152,69,50,25,54,134,463
452,Garrett Temple,templga01,SG,32,LAC,13,2,238,16,45,.356,4,23,.174,12,22,.545,.400,9,14,.643,3,25,28,17,6,4,5,39,45
453,Milos Teodosic,teodomi01,PG,31,LAC,15,0,150,17,40,.425,10,27,.370,7,13,.538,.550,4,7,.571,3,13,16,32,3,1,21,27,48
454,Jared Terrell,terreja01,SG,23,MIN,8,0,69,8,26,.308,4,11,.364,4,15,.267,.385,1,2,.500,1,3,4,7,3,1,7,8,21
455,Emanuel Terry,terryem01,PF,22,TOT,3,0,23,4,7,.571,0,0,,4,7,.571,.571,2,4,.500,3,4,7,2,3,0,2,4,10
455,Emanuel Terry,terryem01,PF,22,PHO,2,0,20,4,6,.667,0,0,,4,6,.667,.667,1,2,.500,2,4,6,1,3,0,2,4,9
455,Emanuel Terry,terryem01,PF,22,MIA,1,0,3,0,1,.000,0,0,,0,1,.000,.000,1,2,.500,1,0,1,1,0,0,0,0,1
456,Daniel Theis,theisda01,C,26,BOS,54,2,768,125,225,.556,24,57,.421,101,168,.601,.609,50,66,.758,74,123,197,61,19,35,31,135,324
457,Isaiah Thomas,thomais02,PG,29,DEN,9,0,140,28,75,.373,9,33,.273,19,42,.452,.433,12,19,.632,5,7,12,15,3,1,16,13,77
458,Khyri Thomas,thomakh01,SG,22,DET,23,0,188,22,65,.338,10,35,.286,12,30,.400,.415,7,11,.636,4,16,20,8,7,5,4,21,61
459,Lance Thomas,thomala01,PF,30,NYK,35,16,579,58,149,.389,16,59,.271,42,90,.467,.443,21,27,.778,18,71,89,19,16,6,16,68,153
460,Klay Thompson,thompkl01,SG,28,GSW,64,64,2203,560,1184,.473,203,503,.404,357,681,.524,.559,119,145,.821,33,220,253,150,74,40,98,137,1442
461,Tristan Thompson,thomptr01,C,27,CLE,35,35,1043,173,329,.526,0,0,,173,329,.526,.526,55,85,.647,154,235,389,75,28,16,50,81,401
462,Sindarius Thornwell,thornsi01,SG,24,LAC,51,1,268,16,46,.348,3,15,.200,13,31,.419,.380,18,26,.692,4,34,38,15,12,4,18,37,53
463,Anthony Tolliver,tollian01,PF,33,MIN,51,0,807,76,192,.396,61,161,.379,15,31,.484,.555,34,43,.791,12,116,128,32,14,14,29,71,247
464,Karl-Anthony Towns,townska01,C,23,MIN,65,65,2159,582,1109,.525,125,310,.403,457,799,.572,.581,310,370,.838,222,573,795,211,58,112,189,246,1599
465,Gary Trent,trentga02,SG,20,POR,10,0,41,6,21,.286,3,9,.333,3,12,.250,.357,1,4,.250,0,5,5,1,0,1,1,1,16
466,Allonzo Trier,trieral01,SG,23,NYK,61,3,1393,220,489,.450,51,126,.405,169,363,.466,.502,174,215,.809,29,159,188,112,28,14,111,108,665
467,P.J. Tucker,tuckepj01,PF,33,HOU,68,68,2384,179,448,.400,123,326,.377,56,122,.459,.537,37,55,.673,107,304,411,87,110,31,55,209,518
468,Evan Turner,turneev01,PG,30,POR,59,2,1350,178,388,.459,7,46,.152,171,342,.500,.468,60,85,.706,33,234,267,224,28,14,97,94,423
469,Myles Turner,turnemy01,C,22,IND,61,61,1736,316,647,.488,62,155,.400,254,492,.516,.536,107,151,.709,79,350,429,99,49,174,88,165,801
470,Ekpe Udoh,udohek01,C,31,UTA,37,0,196,30,41,.732,0,0,,30,41,.732,.732,10,16,.625,14,28,42,14,4,17,8,23,70
471,Tyler Ulis,ulisty01,PG,23,CHI,1,0,1,0,0,,0,0,,0,0,,,0,0,,0,0,0,0,0,0,0,0,0
472,Jonas Valanciunas,valanjo01,C,26,TOT,41,19,840,228,395,.577,12,40,.300,216,355,.608,.592,109,134,.813,72,232,304,51,16,38,63,116,577
472,Jonas Valanciunas,valanjo01,C,26,TOR,30,10,564,149,259,.575,9,30,.300,140,229,.611,.593,77,94,.819,54,162,216,29,13,23,39,82,384
472,Jonas Valanciunas,valanjo01,C,26,MEM,11,9,276,79,136,.581,3,10,.300,76,126,.603,.592,32,40,.800,18,70,88,22,3,15,24,34,193
473,Jarred Vanderbilt,vandeja01,PF,19,DEN,9,0,24,2,7,.286,0,1,.000,2,6,.333,.286,2,5,.400,3,10,13,2,2,1,2,1,6
474,Fred VanVleet,vanvlfr01,PG,24,TOR,51,22,1369,189,469,.403,85,232,.366,104,237,.439,.494,75,90,.833,20,118,138,234,45,12,65,90,538
475,Noah Vonleh,vonleno01,PF,23,NYK,67,56,1713,205,435,.471,46,137,.336,159,298,.534,.524,111,156,.712,113,415,528,128,46,51,87,173,567
476,Nikola Vucevic,vucevni01,C,28,ORL,68,68,2132,594,1140,.521,73,192,.380,521,948,.550,.553,143,185,.773,189,629,818,267,68,80,134,133,1404
477,Dwyane Wade,wadedw01,SG,37,MIA,57,0,1455,311,714,.436,62,194,.320,249,520,.479,.479,121,179,.676,50,160,210,241,45,32,134,88,805
478,Moritz Wagner,wagnemo01,C,21,LAL,28,1,231,41,95,.432,16,47,.340,25,48,.521,.516,17,23,.739,12,35,47,16,8,5,19,25,115
479,Dion Waiters,waitedi01,SG,27,MIA,29,15,704,113,277,.408,58,161,.360,55,116,.474,.513,16,33,.485,5,74,79,83,21,5,45,38,300
480,Kemba Walker,walkeke02,PG,28,CHO,67,67,2337,586,1358,.432,219,610,.359,367,748,.491,.512,294,353,.833,40,245,285,387,85,30,178,110,1685
481,Lonnie Walker,walkelo01,SG,20,SAS,7,0,59,4,22,.182,2,6,.333,2,16,.125,.227,4,4,1.000,0,11,11,2,3,1,4,3,14
482,John Wall,walljo01,PG,28,WAS,32,32,1104,245,552,.444,51,169,.302,194,383,.507,.490,122,175,.697,15,101,116,279,49,29,121,71,663
483,Tyrone Wallace,wallaty01,PG,24,LAC,54,0,551,79,192,.411,4,16,.250,75,176,.426,.422,26,51,.510,20,69,89,36,19,7,29,70,188
484,Taurean Waller-Prince,princta02,SF,24,ATL,45,37,1251,211,476,.443,97,254,.382,114,222,.514,.545,75,91,.824,21,147,168,95,45,15,82,116,594
485,Brad Wanamaker,wanambr01,PG,29,BOS,30,0,262,35,79,.443,16,32,.500,19,47,.404,.544,16,17,.941,3,27,30,39,9,1,14,22,102
486,T.J. Warren,warretj01,SF,25,PHO,43,36,1360,297,611,.486,77,180,.428,220,431,.510,.549,101,124,.815,31,143,174,64,51,29,52,119,772
487,Julian Washburn,washbju01,SF,27,MEM,7,2,110,3,19,.158,1,8,.125,2,11,.182,.184,3,4,.750,4,16,20,3,4,0,3,5,10
488,Yuta Watanabe,watanyu01,SG,24,MEM,10,0,98,10,28,.357,2,9,.222,8,19,.421,.393,7,10,.700,1,18,19,4,2,1,4,3,29
489,Thomas Welsh,welshth01,C,22,DEN,11,0,36,7,13,.538,3,7,.429,4,6,.667,.654,1,2,.500,0,4,4,5,0,0,1,3,18
490,Russell Westbrook,westbru01,PG,30,OKC,60,60,2148,524,1218,.430,94,325,.289,430,893,.482,.469,252,388,.649,87,578,665,628,120,27,279,210,1394
491,Derrick White,whitede01,PG,24,SAS,53,41,1368,211,425,.496,39,111,.351,172,314,.548,.542,73,96,.760,26,168,194,205,57,36,79,115,534
492,Okaro White,whiteok01,PF,26,WAS,3,0,6,0,2,.000,0,2,.000,0,0,,.000,0,0,,1,1,2,0,0,0,0,0,0
493,Hassan Whiteside,whiteha01,C,29,MIA,58,53,1442,324,586,.553,2,16,.125,322,570,.565,.555,90,206,.437,223,478,701,51,40,116,87,160,740
494,Andrew Wiggins,wiggian01,SF,23,MIN,59,59,2053,386,966,.400,93,278,.335,293,688,.426,.448,173,247,.700,69,216,285,139,60,40,106,122,1038
495,Alan Williams,willial03,PF,26,BRK,3,0,17,4,8,.500,0,1,.000,4,7,.571,.500,2,4,.500,3,11,14,2,0,0,1,2,10
496,C.J. Williams,willicj01,SG,28,MIN,11,0,87,12,25,.480,2,10,.200,10,15,.667,.520,0,0,,1,4,5,10,3,0,4,13,26
497,Johnathan Williams,willijo04,C,23,LAL,10,0,137,23,41,.561,0,0,,23,41,.561,.561,4,11,.364,16,17,33,5,1,5,3,27,50
498,Kenrich Williams,willike04,SF,24,NOP,34,17,724,76,193,.394,35,107,.327,41,86,.477,.484,11,17,.647,36,116,152,48,23,13,25,67,198
499,Lou Williams,willilo02,SG,32,LAC,63,0,1669,413,966,.428,88,245,.359,325,721,.451,.473,368,418,.880,31,154,185,336,48,8,153,67,1282
500,Marvin Williams,willima02,PF,32,CHO,65,65,1874,249,580,.429,130,342,.380,119,238,.500,.541,58,78,.744,67,303,370,82,57,50,39,140,686
501,Robert Williams,williro04,C,21,BOS,27,0,226,31,42,.738,0,0,,31,42,.738,.738,9,14,.643,23,38,61,5,6,33,9,29,71
502,Troy Williams,willitr02,SF,24,SAC,18,0,286,40,87,.460,14,41,.341,26,46,.565,.540,9,15,.600,9,46,55,10,10,8,8,34,103
503,D.J. Wilson,wilsodj01,PF,22,MIL,34,0,575,65,154,.422,28,79,.354,37,75,.493,.513,11,28,.393,29,116,145,28,12,19,21,60,169
504,Justise Winslow,winslju01,PF,22,MIA,60,47,1783,293,674,.435,86,227,.379,207,447,.463,.499,82,130,.631,60,270,330,258,63,16,127,157,754
505,Christian Wood,woodch01,PF,23,MIL,13,0,62,12,25,.480,3,5,.600,9,20,.450,.540,10,15,.667,4,16,20,2,0,0,3,3,37
506,Delon Wright,wrighde01,PG,26,TOT,62,4,1260,178,417,.427,37,124,.298,141,293,.481,.471,83,97,.856,51,137,188,157,60,23,53,76,476
506,Delon Wright,wrighde01,PG,26,TOR,49,2,897,127,293,.433,30,90,.333,97,203,.478,.485,53,61,.869,39,86,125,110,46,15,37,53,337
506,Delon Wright,wrighde01,PG,26,MEM,13,2,363,51,124,.411,7,34,.206,44,90,.489,.440,30,36,.833,12,51,63,47,14,8,16,23,139
507,Guerschon Yabusele,yabusgu01,PF,23,BOS,34,0,184,26,60,.433,5,21,.238,21,39,.538,.475,13,18,.722,18,22,40,12,7,7,12,28,70
508,Nick Young,youngni01,SG,33,DEN,4,0,37,3,9,.333,3,8,.375,0,1,.000,.500,0,0,,0,1,1,2,0,1,2,4,9
509,Thaddeus Young,youngth01,PF,30,IND,68,68,2086,369,704,.524,42,115,.365,327,589,.555,.554,73,115,.635,162,274,436,165,109,32,97,171,853
510,Trae Young,youngtr01,PG,20,ATL,69,69,2117,423,1030,.411,132,396,.333,291,634,.459,.475,285,346,.824,50,194,244,540,57,14,267,116,1263
511,Cody Zeller,zelleco01,C,26,CHO,49,47,1243,190,345,.551,6,22,.273,184,323,.570,.559,111,141,.787,110,223,333,102,38,41,62,164,497
512,Tyler Zeller,zellety01,C,29,ATL,2,0,11,0,2,.000,0,1,.000,0,1,.000,.000,0,0,,2,4,6,1,0,0,0,4,0
513,Ante Zizic,zizican01,C,22,CLE,48,18,851,143,264,.542,0,0,,143,264,.542,.542,70,98,.714,82,171,253,35,12,17,48,89,356
514,Ivica Zubac,zubaciv01,C,21,TOT,46,25,780,161,294,.548,0,0,,161,294,.548,.548,81,102,.794,82,182,264,48,8,38,51,108,403
514,Ivica Zubac,zubaciv01,C,21,LAL,33,12,516,112,193,.580,0,0,,112,193,.580,.580,57,66,.864,54,108,162,25,4,27,33,73,281
514,Ivica Zubac,zubaciv01,C,21,LAC,13,13,264,49,101,.485,0,0,,49,101,.485,.485,24,36,.667,28,74,102,23,4,11,18,35,122